line_id,quarter,residential_internet_net_adds_thousands,residential_video_net_adds_thousands,residential_mobile_line_net_adds_thousands,residential_voice_net_adds_thousands,residential_internet_ending_thousands,tag_internet_video_mobile,tag_voice,source_file,note
T1,2024Q1,-72,-392,470,-274,28472,RETRIEVED,DERIVED,CHTR-Q1-2026-Trending-Schedule.md,"Voice net adds = change in published ending residential voice customers; the filing does not print a voice net-add line. Mobile is lines, not customers. Do not net lines against Internet customers. Internet is residential, not total Internet."
T2,2024Q2,-154,-393,534,-268,28318,RETRIEVED,DERIVED,CHTR-Q1-2026-Trending-Schedule.md,"Voice net adds = change in published ending residential voice customers; the filing does not print a voice net-add line. Mobile is lines, not customers. Do not net lines against Internet customers. Internet is residential, not total Internet."
T3,2024Q3,-113,-281,521,-275,28205,RETRIEVED,DERIVED,CHTR-Q1-2026-Trending-Schedule.md,"Voice net adds = change in published ending residential voice customers; the filing does not print a voice net-add line. Mobile is lines, not customers. Do not net lines against Internet customers. Internet is residential, not total Internet."
T4,2024Q4,-171,-110,504,-259,28034,RETRIEVED,DERIVED,CHTR-FY2025-Earnings-Release-Ex99.1.md,"Voice net adds = change in published ending residential voice customers; the filing does not print a voice net-add line. Mobile is lines, not customers. Do not net lines against Internet customers. Internet is residential, not total Internet."
T5,2025Q1,-55,-167,488,-264,27979,RETRIEVED,DERIVED,CHTR-Q1-2026-Earnings-Release-Ex99.1.md,"Voice net adds = change in published ending residential voice customers; the filing does not print a voice net-add line. Mobile is lines, not customers. Do not net lines against Internet customers. Internet is residential, not total Internet."
T6,2025Q2,-111,-73,471,-211,27868,RETRIEVED,DERIVED,CHTR-Q2-2026-Earnings-Release-Ex99.1.md,"Voice net adds = change in published ending residential voice customers; the filing does not print a voice net-add line. Mobile is lines, not customers. Do not net lines against Internet customers. Internet is residential, not total Internet."
T7,2025Q3,-108,-64,462,-194,27760,RETRIEVED,DERIVED,CHTR-FY2025-Earnings-Release-Ex99.1.md,"Voice net adds = change in published ending residential voice customers; the filing does not print a voice net-add line. Mobile is lines, not customers. Do not net lines against Internet customers. Internet is residential, not total Internet."
T8,2025Q4,-119,49,406,-135,27641,RETRIEVED,DERIVED,CHTR-Q2-2026-Earnings-Release-Ex99.1.md,"Voice net adds = change in published ending residential voice customers; the filing does not print a voice net-add line. Mobile is lines, not customers. Do not net lines against Internet customers. Internet is residential, not total Internet."
T9,2026Q1,-117,-51,344,-167,27524,RETRIEVED,DERIVED,CHTR-Q2-2026-Earnings-Release-Ex99.1.md,"Voice net adds = change in published ending residential voice customers; the filing does not print a voice net-add line. Mobile is lines, not customers. Do not net lines against Internet customers. Internet is residential, not total Internet."
T10,2026Q2,-166,-11,385,-171,27358,RETRIEVED,DERIVED,CHTR-Q2-2026-Earnings-Release-Ex99.1.md,"Voice net adds = change in published ending residential voice customers; the filing does not print a voice net-add line. Mobile is lines, not customers. Do not net lines against Internet customers. Internet is residential, not total Internet."
T11,Sum 2024Q1–2026Q2,-1186,-1493,4585,-2218,,DERIVED,DERIVED,Sum of T1–T10,Ten-quarter sum. Not a net of mobile lines against Internet customers.
