geo_id,geo_name,geo_type,year,size_scheme,origin,agency,program,source,source_file,source_url,source_page_url,release_note,measure,citation,employment_total,employment_lt5,employment_5_9,employment_10_19,employment_20_99,employment_100_499,employment_lt100,employment_lt500,employment_ge500,share_lt5_pct,share_5_9_pct,share_10_19_pct,share_20_99_pct,share_100_499_pct,share_lt100_pct,share_lt500_pct,share_ge500_pct,any_size_class_suppressed,size_class_sum,size_class_vs_total_diff,binary_sum,binary_vs_total_diff,ge500_derived
01,Alabama,state,2022,detailed_doc_01_26,RETRIEVED,U.S. Census Bureau,Statistics of U.S. Businesses (SUSB),U.S. Census Bureau Statistics of U.S. Businesses (SUSB) 2022,us_state_naics_detailedsizes_2022.txt,https://www2.census.gov/programs-surveys/susb/tables/2022/us_state_naics_detailedsizes_2022.txt,https://www.census.gov/data/datasets/2022/econ/susb/2022-susb.html,reference year 2022; datasets page April 2025; file last-modified 2025-04-10,"mid-March payroll employment at employer establishments, classified by enterprise (firm) employment size; primary split firms <500 vs 500+ employees (SBA cutoff)","U.S. Census Bureau, Statistics of U.S. Businesses (SUSB), 2022 Annual Datasets by Establishment Industry — us_state_naics_detailedsizes_2022.txt (all-industry NAICS=--, enterprise employment size); reference year 2022; datasets page April 2025; file last-modified 2025-04-10; measures mid-March payroll employment at employer establishments, classified by enterprise (firm) employment size; primary split firms <500 vs 500+ employees (SBA cutoff). File: https://www2.census.gov/programs-surveys/susb/tables/2022/us_state_naics_detailedsizes_2022.txt Landing page: https://www.census.gov/data/datasets/2022/econ/susb/2022-susb.html",1777657,74313,89433,115702,293353,244049,572801,816850,960807,4.180390255262967,5.030948040032469,6.508679683425993,16.502227370071953,13.728688942805052,32.222245348793386,45.950934291598436,54.049065708401564,False,1777657,0,1777657,0,
02,Alaska,state,2022,detailed_doc_01_26,RETRIEVED,U.S. Census Bureau,Statistics of U.S. Businesses (SUSB),U.S. Census Bureau Statistics of U.S. Businesses (SUSB) 2022,us_state_naics_detailedsizes_2022.txt,https://www2.census.gov/programs-surveys/susb/tables/2022/us_state_naics_detailedsizes_2022.txt,https://www.census.gov/data/datasets/2022/econ/susb/2022-susb.html,reference year 2022; datasets page April 2025; file last-modified 2025-04-10,"mid-March payroll employment at employer establishments, classified by enterprise (firm) employment size; primary split firms <500 vs 500+ employees (SBA cutoff)","U.S. Census Bureau, Statistics of U.S. Businesses (SUSB), 2022 Annual Datasets by Establishment Industry — us_state_naics_detailedsizes_2022.txt (all-industry NAICS=--, enterprise employment size); reference year 2022; datasets page April 2025; file last-modified 2025-04-10; measures mid-March payroll employment at employer establishments, classified by enterprise (firm) employment size; primary split firms <500 vs 500+ employees (SBA cutoff). File: https://www2.census.gov/programs-surveys/susb/tables/2022/us_state_naics_detailedsizes_2022.txt Landing page: https://www.census.gov/data/datasets/2022/econ/susb/2022-susb.html",257462,15691,19427,24763,47527,32126,107408,139534,117928,6.094491614296479,7.5455795418353,9.618118401938927,18.4598115450047,12.477957912235592,41.71800110307541,54.195959015311,45.804040984689,False,257462,0,257462,0,
04,Arizona,state,2022,detailed_doc_01_26,RETRIEVED,U.S. Census Bureau,Statistics of U.S. Businesses (SUSB),U.S. Census Bureau Statistics of U.S. Businesses (SUSB) 2022,us_state_naics_detailedsizes_2022.txt,https://www2.census.gov/programs-surveys/susb/tables/2022/us_state_naics_detailedsizes_2022.txt,https://www.census.gov/data/datasets/2022/econ/susb/2022-susb.html,reference year 2022; datasets page April 2025; file last-modified 2025-04-10,"mid-March payroll employment at employer establishments, classified by enterprise (firm) employment size; primary split firms <500 vs 500+ employees (SBA cutoff)","U.S. Census Bureau, Statistics of U.S. Businesses (SUSB), 2022 Annual Datasets by Establishment Industry — us_state_naics_detailedsizes_2022.txt (all-industry NAICS=--, enterprise employment size); reference year 2022; datasets page April 2025; file last-modified 2025-04-10; measures mid-March payroll employment at employer establishments, classified by enterprise (firm) employment size; primary split firms <500 vs 500+ employees (SBA cutoff). File: https://www2.census.gov/programs-surveys/susb/tables/2022/us_state_naics_detailedsizes_2022.txt Landing page: https://www.census.gov/data/datasets/2022/econ/susb/2022-susb.html",2787701,111545,120308,161311,417881,375344,811045,1186389,1601312,4.001325823680516,4.315670870010808,5.786524451510402,14.99016573154725,13.464284727809762,29.093686876748976,42.55797160455874,57.44202839544126,False,2787701,0,2787701,0,
05,Arkansas,state,2022,detailed_doc_01_26,RETRIEVED,U.S. Census Bureau,Statistics of U.S. Businesses (SUSB),U.S. Census Bureau Statistics of U.S. Businesses (SUSB) 2022,us_state_naics_detailedsizes_2022.txt,https://www2.census.gov/programs-surveys/susb/tables/2022/us_state_naics_detailedsizes_2022.txt,https://www.census.gov/data/datasets/2022/econ/susb/2022-susb.html,reference year 2022; datasets page April 2025; file last-modified 2025-04-10,"mid-March payroll employment at employer establishments, classified by enterprise (firm) employment size; primary split firms <500 vs 500+ employees (SBA cutoff)","U.S. Census Bureau, Statistics of U.S. Businesses (SUSB), 2022 Annual Datasets by Establishment Industry — us_state_naics_detailedsizes_2022.txt (all-industry NAICS=--, enterprise employment size); reference year 2022; datasets page April 2025; file last-modified 2025-04-10; measures mid-March payroll employment at employer establishments, classified by enterprise (firm) employment size; primary split firms <500 vs 500+ employees (SBA cutoff). File: https://www2.census.gov/programs-surveys/susb/tables/2022/us_state_naics_detailedsizes_2022.txt Landing page: https://www.census.gov/data/datasets/2022/econ/susb/2022-susb.html",1089044,49790,57359,71891,182167,140305,361207,501512,587532,4.571899757952846,5.266912998923827,6.601294346233945,16.727239670757104,12.883317845743607,33.16734677386772,46.05066461961133,53.94933538038867,False,1089044,0,1089044,0,
06,California,state,2022,detailed_doc_01_26,RETRIEVED,U.S. Census Bureau,Statistics of U.S. Businesses (SUSB),U.S. Census Bureau Statistics of U.S. Businesses (SUSB) 2022,us_state_naics_detailedsizes_2022.txt,https://www2.census.gov/programs-surveys/susb/tables/2022/us_state_naics_detailedsizes_2022.txt,https://www.census.gov/data/datasets/2022/econ/susb/2022-susb.html,reference year 2022; datasets page April 2025; file last-modified 2025-04-10,"mid-March payroll employment at employer establishments, classified by enterprise (firm) employment size; primary split firms <500 vs 500+ employees (SBA cutoff)","U.S. Census Bureau, Statistics of U.S. Businesses (SUSB), 2022 Annual Datasets by Establishment Industry — us_state_naics_detailedsizes_2022.txt (all-industry NAICS=--, enterprise employment size); reference year 2022; datasets page April 2025; file last-modified 2025-04-10; measures mid-March payroll employment at employer establishments, classified by enterprise (firm) employment size; primary split firms <500 vs 500+ employees (SBA cutoff). File: https://www2.census.gov/programs-surveys/susb/tables/2022/us_state_naics_detailedsizes_2022.txt Landing page: https://www.census.gov/data/datasets/2022/econ/susb/2022-susb.html",16032440,816259,871969,1122081,2607455,2177924,5417764,7595688,8436752,5.091296147061832,5.438779125323407,6.998816150255357,16.263619261946403,13.584482461808683,33.792510684587,47.376993146395684,52.623006853604316,False,16032440,0,16032440,0,
08,Colorado,state,2022,detailed_doc_01_26,RETRIEVED,U.S. Census Bureau,Statistics of U.S. Businesses (SUSB),U.S. Census Bureau Statistics of U.S. Businesses (SUSB) 2022,us_state_naics_detailedsizes_2022.txt,https://www2.census.gov/programs-surveys/susb/tables/2022/us_state_naics_detailedsizes_2022.txt,https://www.census.gov/data/datasets/2022/econ/susb/2022-susb.html,reference year 2022; datasets page April 2025; file last-modified 2025-04-10,"mid-March payroll employment at employer establishments, classified by enterprise (firm) employment size; primary split firms <500 vs 500+ employees (SBA cutoff)","U.S. Census Bureau, Statistics of U.S. Businesses (SUSB), 2022 Annual Datasets by Establishment Industry — us_state_naics_detailedsizes_2022.txt (all-industry NAICS=--, enterprise employment size); reference year 2022; datasets page April 2025; file last-modified 2025-04-10; measures mid-March payroll employment at employer establishments, classified by enterprise (firm) employment size; primary split firms <500 vs 500+ employees (SBA cutoff). File: https://www2.census.gov/programs-surveys/susb/tables/2022/us_state_naics_detailedsizes_2022.txt Landing page: https://www.census.gov/data/datasets/2022/econ/susb/2022-susb.html",2481196,139001,137783,184545,427327,318004,888656,1206660,1274536,5.602177337058419,5.553088107509443,7.437743733264119,17.22262167116181,12.816561045560286,35.81563084899379,48.632191894554076,51.367808105445924,False,2481196,0,2481196,0,
09,Connecticut,state,2022,detailed_doc_01_26,RETRIEVED,U.S. Census Bureau,Statistics of U.S. Businesses (SUSB),U.S. Census Bureau Statistics of U.S. Businesses (SUSB) 2022,us_state_naics_detailedsizes_2022.txt,https://www2.census.gov/programs-surveys/susb/tables/2022/us_state_naics_detailedsizes_2022.txt,https://www.census.gov/data/datasets/2022/econ/susb/2022-susb.html,reference year 2022; datasets page April 2025; file last-modified 2025-04-10,"mid-March payroll employment at employer establishments, classified by enterprise (firm) employment size; primary split firms <500 vs 500+ employees (SBA cutoff)","U.S. Census Bureau, Statistics of U.S. Businesses (SUSB), 2022 Annual Datasets by Establishment Industry — us_state_naics_detailedsizes_2022.txt (all-industry NAICS=--, enterprise employment size); reference year 2022; datasets page April 2025; file last-modified 2025-04-10; measures mid-March payroll employment at employer establishments, classified by enterprise (firm) employment size; primary split firms <500 vs 500+ employees (SBA cutoff). File: https://www2.census.gov/programs-surveys/susb/tables/2022/us_state_naics_detailedsizes_2022.txt Landing page: https://www.census.gov/data/datasets/2022/econ/susb/2022-susb.html",1508634,66714,80491,102550,254835,221507,504590,726097,782537,4.4221461268936,5.335356355484498,6.797540026275425,16.891770966317875,14.682620171625457,33.4468134749714,48.12943364659686,51.87056635340314,False,1508634,0,1508634,0,
10,Delaware,state,2022,detailed_doc_01_26,RETRIEVED,U.S. Census Bureau,Statistics of U.S. Businesses (SUSB),U.S. Census Bureau Statistics of U.S. Businesses (SUSB) 2022,us_state_naics_detailedsizes_2022.txt,https://www2.census.gov/programs-surveys/susb/tables/2022/us_state_naics_detailedsizes_2022.txt,https://www.census.gov/data/datasets/2022/econ/susb/2022-susb.html,reference year 2022; datasets page April 2025; file last-modified 2025-04-10,"mid-March payroll employment at employer establishments, classified by enterprise (firm) employment size; primary split firms <500 vs 500+ employees (SBA cutoff)","U.S. Census Bureau, Statistics of U.S. Businesses (SUSB), 2022 Annual Datasets by Establishment Industry — us_state_naics_detailedsizes_2022.txt (all-industry NAICS=--, enterprise employment size); reference year 2022; datasets page April 2025; file last-modified 2025-04-10; measures mid-March payroll employment at employer establishments, classified by enterprise (firm) employment size; primary split firms <500 vs 500+ employees (SBA cutoff). File: https://www2.census.gov/programs-surveys/susb/tables/2022/us_state_naics_detailedsizes_2022.txt Landing page: https://www.census.gov/data/datasets/2022/econ/susb/2022-susb.html",424303,20949,21971,30773,81285,59561,154978,214539,209764,4.937273599291073,5.178139207123212,7.2526001465933545,19.157300325474957,14.037374234921742,36.52531327848259,50.562687513404335,49.437312486595665,False,424303,0,424303,0,
11,District of Columbia,state,2022,detailed_doc_01_26,RETRIEVED,U.S. Census Bureau,Statistics of U.S. Businesses (SUSB),U.S. Census Bureau Statistics of U.S. Businesses (SUSB) 2022,us_state_naics_detailedsizes_2022.txt,https://www2.census.gov/programs-surveys/susb/tables/2022/us_state_naics_detailedsizes_2022.txt,https://www.census.gov/data/datasets/2022/econ/susb/2022-susb.html,reference year 2022; datasets page April 2025; file last-modified 2025-04-10,"mid-March payroll employment at employer establishments, classified by enterprise (firm) employment size; primary split firms <500 vs 500+ employees (SBA cutoff)","U.S. Census Bureau, Statistics of U.S. Businesses (SUSB), 2022 Annual Datasets by Establishment Industry — us_state_naics_detailedsizes_2022.txt (all-industry NAICS=--, enterprise employment size); reference year 2022; datasets page April 2025; file last-modified 2025-04-10; measures mid-March payroll employment at employer establishments, classified by enterprise (firm) employment size; primary split firms <500 vs 500+ employees (SBA cutoff). File: https://www2.census.gov/programs-surveys/susb/tables/2022/us_state_naics_detailedsizes_2022.txt Landing page: https://www.census.gov/data/datasets/2022/econ/susb/2022-susb.html",527355,14905,18285,27339,94754,103898,155283,259181,268174,2.8263693337505096,3.46730380862986,5.184173848735671,17.967782613230177,19.70171895592153,29.44562960434622,49.14734856026775,50.85265143973225,False,527355,0,527355,0,
12,Florida,state,2022,detailed_doc_01_26,RETRIEVED,U.S. Census Bureau,Statistics of U.S. Businesses (SUSB),U.S. Census Bureau Statistics of U.S. Businesses (SUSB) 2022,us_state_naics_detailedsizes_2022.txt,https://www2.census.gov/programs-surveys/susb/tables/2022/us_state_naics_detailedsizes_2022.txt,https://www.census.gov/data/datasets/2022/econ/susb/2022-susb.html,reference year 2022; datasets page April 2025; file last-modified 2025-04-10,"mid-March payroll employment at employer establishments, classified by enterprise (firm) employment size; primary split firms <500 vs 500+ employees (SBA cutoff)","U.S. Census Bureau, Statistics of U.S. Businesses (SUSB), 2022 Annual Datasets by Establishment Industry — us_state_naics_detailedsizes_2022.txt (all-industry NAICS=--, enterprise employment size); reference year 2022; datasets page April 2025; file last-modified 2025-04-10; measures mid-March payroll employment at employer establishments, classified by enterprise (firm) employment size; primary split firms <500 vs 500+ employees (SBA cutoff). File: https://www2.census.gov/programs-surveys/susb/tables/2022/us_state_naics_detailedsizes_2022.txt Landing page: https://www.census.gov/data/datasets/2022/econ/susb/2022-susb.html",9628867,537117,442098,544263,1284483,1005114,2807961,3813075,5815792,5.57819523314633,4.591381312048448,5.652409572175003,13.339918393306295,10.438549000624892,29.161904510676074,39.60045351130097,60.39954648869903,False,9628867,0,9628867,0,
13,Georgia,state,2022,detailed_doc_01_26,RETRIEVED,U.S. Census Bureau,Statistics of U.S. Businesses (SUSB),U.S. Census Bureau Statistics of U.S. Businesses (SUSB) 2022,us_state_naics_detailedsizes_2022.txt,https://www2.census.gov/programs-surveys/susb/tables/2022/us_state_naics_detailedsizes_2022.txt,https://www.census.gov/data/datasets/2022/econ/susb/2022-susb.html,reference year 2022; datasets page April 2025; file last-modified 2025-04-10,"mid-March payroll employment at employer establishments, classified by enterprise (firm) employment size; primary split firms <500 vs 500+ employees (SBA cutoff)","U.S. Census Bureau, Statistics of U.S. Businesses (SUSB), 2022 Annual Datasets by Establishment Industry — us_state_naics_detailedsizes_2022.txt (all-industry NAICS=--, enterprise employment size); reference year 2022; datasets page April 2025; file last-modified 2025-04-10; measures mid-March payroll employment at employer establishments, classified by enterprise (firm) employment size; primary split firms <500 vs 500+ employees (SBA cutoff). File: https://www2.census.gov/programs-surveys/susb/tables/2022/us_state_naics_detailedsizes_2022.txt Landing page: https://www.census.gov/data/datasets/2022/econ/susb/2022-susb.html",4249362,194897,195589,247981,636819,531346,1275286,1806632,2442730,4.586500279336051,4.602785076912722,5.8357231038447654,14.986226167598806,12.504135914991474,30.011234627692346,42.51537054268382,57.48462945731618,False,4249362,0,4249362,0,
15,Hawaii,state,2022,detailed_doc_01_26,RETRIEVED,U.S. Census Bureau,Statistics of U.S. Businesses (SUSB),U.S. Census Bureau Statistics of U.S. Businesses (SUSB) 2022,us_state_naics_detailedsizes_2022.txt,https://www2.census.gov/programs-surveys/susb/tables/2022/us_state_naics_detailedsizes_2022.txt,https://www.census.gov/data/datasets/2022/econ/susb/2022-susb.html,reference year 2022; datasets page April 2025; file last-modified 2025-04-10,"mid-March payroll employment at employer establishments, classified by enterprise (firm) employment size; primary split firms <500 vs 500+ employees (SBA cutoff)","U.S. Census Bureau, Statistics of U.S. Businesses (SUSB), 2022 Annual Datasets by Establishment Industry — us_state_naics_detailedsizes_2022.txt (all-industry NAICS=--, enterprise employment size); reference year 2022; datasets page April 2025; file last-modified 2025-04-10; measures mid-March payroll employment at employer establishments, classified by enterprise (firm) employment size; primary split firms <500 vs 500+ employees (SBA cutoff). File: https://www2.census.gov/programs-surveys/susb/tables/2022/us_state_naics_detailedsizes_2022.txt Landing page: https://www.census.gov/data/datasets/2022/econ/susb/2022-susb.html",507390,24094,28237,35412,86379,77434,174122,251556,255834,4.748615463450206,5.565147125485327,6.979246733282091,17.024182581446226,15.261238889217367,34.31719190366385,49.578430792881214,50.421569207118786,False,507390,0,507390,0,
16,Idaho,state,2022,detailed_doc_01_26,RETRIEVED,U.S. Census Bureau,Statistics of U.S. Businesses (SUSB),U.S. Census Bureau Statistics of U.S. Businesses (SUSB) 2022,us_state_naics_detailedsizes_2022.txt,https://www2.census.gov/programs-surveys/susb/tables/2022/us_state_naics_detailedsizes_2022.txt,https://www.census.gov/data/datasets/2022/econ/susb/2022-susb.html,reference year 2022; datasets page April 2025; file last-modified 2025-04-10,"mid-March payroll employment at employer establishments, classified by enterprise (firm) employment size; primary split firms <500 vs 500+ employees (SBA cutoff)","U.S. Census Bureau, Statistics of U.S. Businesses (SUSB), 2022 Annual Datasets by Establishment Industry — us_state_naics_detailedsizes_2022.txt (all-industry NAICS=--, enterprise employment size); reference year 2022; datasets page April 2025; file last-modified 2025-04-10; measures mid-March payroll employment at employer establishments, classified by enterprise (firm) employment size; primary split firms <500 vs 500+ employees (SBA cutoff). File: https://www2.census.gov/programs-surveys/susb/tables/2022/us_state_naics_detailedsizes_2022.txt Landing page: https://www.census.gov/data/datasets/2022/econ/susb/2022-susb.html",689589,43835,47653,61546,138428,94616,291462,386078,303511,6.35668492391845,6.910348047895195,8.925026356278885,20.073986098966195,13.720636495071702,42.26604542705873,55.98668192213043,44.01331807786957,False,689589,0,689589,0,
17,Illinois,state,2022,detailed_doc_01_26,RETRIEVED,U.S. Census Bureau,Statistics of U.S. Businesses (SUSB),U.S. Census Bureau Statistics of U.S. Businesses (SUSB) 2022,us_state_naics_detailedsizes_2022.txt,https://www2.census.gov/programs-surveys/susb/tables/2022/us_state_naics_detailedsizes_2022.txt,https://www.census.gov/data/datasets/2022/econ/susb/2022-susb.html,reference year 2022; datasets page April 2025; file last-modified 2025-04-10,"mid-March payroll employment at employer establishments, classified by enterprise (firm) employment size; primary split firms <500 vs 500+ employees (SBA cutoff)","U.S. Census Bureau, Statistics of U.S. Businesses (SUSB), 2022 Annual Datasets by Establishment Industry — us_state_naics_detailedsizes_2022.txt (all-industry NAICS=--, enterprise employment size); reference year 2022; datasets page April 2025; file last-modified 2025-04-10; measures mid-March payroll employment at employer establishments, classified by enterprise (firm) employment size; primary split firms <500 vs 500+ employees (SBA cutoff). File: https://www2.census.gov/programs-surveys/susb/tables/2022/us_state_naics_detailedsizes_2022.txt Landing page: https://www.census.gov/data/datasets/2022/econ/susb/2022-susb.html",5533883,244836,246288,320344,857223,752280,1668691,2420971,3112912,4.424307488972933,4.450545846379477,5.788774356089567,15.490443148147513,13.594071287737743,30.15407083958949,43.748142127327235,56.251857872672765,False,5533883,0,5533883,0,
18,Indiana,state,2022,detailed_doc_01_26,RETRIEVED,U.S. Census Bureau,Statistics of U.S. Businesses (SUSB),U.S. Census Bureau Statistics of U.S. Businesses (SUSB) 2022,us_state_naics_detailedsizes_2022.txt,https://www2.census.gov/programs-surveys/susb/tables/2022/us_state_naics_detailedsizes_2022.txt,https://www.census.gov/data/datasets/2022/econ/susb/2022-susb.html,reference year 2022; datasets page April 2025; file last-modified 2025-04-10,"mid-March payroll employment at employer establishments, classified by enterprise (firm) employment size; primary split firms <500 vs 500+ employees (SBA cutoff)","U.S. Census Bureau, Statistics of U.S. Businesses (SUSB), 2022 Annual Datasets by Establishment Industry — us_state_naics_detailedsizes_2022.txt (all-industry NAICS=--, enterprise employment size); reference year 2022; datasets page April 2025; file last-modified 2025-04-10; measures mid-March payroll employment at employer establishments, classified by enterprise (firm) employment size; primary split firms <500 vs 500+ employees (SBA cutoff). File: https://www2.census.gov/programs-surveys/susb/tables/2022/us_state_naics_detailedsizes_2022.txt Landing page: https://www.census.gov/data/datasets/2022/econ/susb/2022-susb.html",2875908,104236,126240,168227,455942,387193,854645,1241838,1634070,3.6244553024644737,4.389570180965455,5.849526479984756,15.853845116046827,13.46333053769453,29.717397079461513,43.180727617156045,56.819272382843955,False,2875908,0,2875908,0,
19,Iowa,state,2022,detailed_doc_01_26,RETRIEVED,U.S. Census Bureau,Statistics of U.S. Businesses (SUSB),U.S. Census Bureau Statistics of U.S. Businesses (SUSB) 2022,us_state_naics_detailedsizes_2022.txt,https://www2.census.gov/programs-surveys/susb/tables/2022/us_state_naics_detailedsizes_2022.txt,https://www.census.gov/data/datasets/2022/econ/susb/2022-susb.html,reference year 2022; datasets page April 2025; file last-modified 2025-04-10,"mid-March payroll employment at employer establishments, classified by enterprise (firm) employment size; primary split firms <500 vs 500+ employees (SBA cutoff)","U.S. Census Bureau, Statistics of U.S. Businesses (SUSB), 2022 Annual Datasets by Establishment Industry — us_state_naics_detailedsizes_2022.txt (all-industry NAICS=--, enterprise employment size); reference year 2022; datasets page April 2025; file last-modified 2025-04-10; measures mid-March payroll employment at employer establishments, classified by enterprise (firm) employment size; primary split firms <500 vs 500+ employees (SBA cutoff). File: https://www2.census.gov/programs-surveys/susb/tables/2022/us_state_naics_detailedsizes_2022.txt Landing page: https://www.census.gov/data/datasets/2022/econ/susb/2022-susb.html",1386299,60020,67418,89586,216029,204504,433053,637557,748742,4.329513330096899,4.863164439994547,6.462242272410209,15.58314620439025,14.751795968979275,31.238066246891904,45.98986221587118,54.01013778412882,False,1386299,0,1386299,0,
20,Kansas,state,2022,detailed_doc_01_26,RETRIEVED,U.S. Census Bureau,Statistics of U.S. Businesses (SUSB),U.S. Census Bureau Statistics of U.S. Businesses (SUSB) 2022,us_state_naics_detailedsizes_2022.txt,https://www2.census.gov/programs-surveys/susb/tables/2022/us_state_naics_detailedsizes_2022.txt,https://www.census.gov/data/datasets/2022/econ/susb/2022-susb.html,reference year 2022; datasets page April 2025; file last-modified 2025-04-10,"mid-March payroll employment at employer establishments, classified by enterprise (firm) employment size; primary split firms <500 vs 500+ employees (SBA cutoff)","U.S. Census Bureau, Statistics of U.S. Businesses (SUSB), 2022 Annual Datasets by Establishment Industry — us_state_naics_detailedsizes_2022.txt (all-industry NAICS=--, enterprise employment size); reference year 2022; datasets page April 2025; file last-modified 2025-04-10; measures mid-March payroll employment at employer establishments, classified by enterprise (firm) employment size; primary split firms <500 vs 500+ employees (SBA cutoff). File: https://www2.census.gov/programs-surveys/susb/tables/2022/us_state_naics_detailedsizes_2022.txt Landing page: https://www.census.gov/data/datasets/2022/econ/susb/2022-susb.html",1225232,54621,63043,80198,207766,193506,405628,599134,626098,4.458012849811301,5.145392872533528,6.545535865860506,16.957278295049427,15.793417083458479,33.10621988325477,48.899636966713246,51.100363033286754,False,1225232,0,1225232,0,
21,Kentucky,state,2022,detailed_doc_01_26,RETRIEVED,U.S. Census Bureau,Statistics of U.S. Businesses (SUSB),U.S. Census Bureau Statistics of U.S. Businesses (SUSB) 2022,us_state_naics_detailedsizes_2022.txt,https://www2.census.gov/programs-surveys/susb/tables/2022/us_state_naics_detailedsizes_2022.txt,https://www.census.gov/data/datasets/2022/econ/susb/2022-susb.html,reference year 2022; datasets page April 2025; file last-modified 2025-04-10,"mid-March payroll employment at employer establishments, classified by enterprise (firm) employment size; primary split firms <500 vs 500+ employees (SBA cutoff)","U.S. Census Bureau, Statistics of U.S. Businesses (SUSB), 2022 Annual Datasets by Establishment Industry — us_state_naics_detailedsizes_2022.txt (all-industry NAICS=--, enterprise employment size); reference year 2022; datasets page April 2025; file last-modified 2025-04-10; measures mid-March payroll employment at employer establishments, classified by enterprise (firm) employment size; primary split firms <500 vs 500+ employees (SBA cutoff). File: https://www2.census.gov/programs-surveys/susb/tables/2022/us_state_naics_detailedsizes_2022.txt Landing page: https://www.census.gov/data/datasets/2022/econ/susb/2022-susb.html",1667694,63250,76634,101043,251909,217777,492836,710613,957081,3.7926622030180597,4.595207514088316,6.058845327739981,15.105229136760101,13.058570697022356,29.55194418160646,42.61051487862881,57.38948512137119,False,1667694,0,1667694,0,
22,Louisiana,state,2022,detailed_doc_01_26,RETRIEVED,U.S. Census Bureau,Statistics of U.S. Businesses (SUSB),U.S. Census Bureau Statistics of U.S. Businesses (SUSB) 2022,us_state_naics_detailedsizes_2022.txt,https://www2.census.gov/programs-surveys/susb/tables/2022/us_state_naics_detailedsizes_2022.txt,https://www.census.gov/data/datasets/2022/econ/susb/2022-susb.html,reference year 2022; datasets page April 2025; file last-modified 2025-04-10,"mid-March payroll employment at employer establishments, classified by enterprise (firm) employment size; primary split firms <500 vs 500+ employees (SBA cutoff)","U.S. Census Bureau, Statistics of U.S. Businesses (SUSB), 2022 Annual Datasets by Establishment Industry — us_state_naics_detailedsizes_2022.txt (all-industry NAICS=--, enterprise employment size); reference year 2022; datasets page April 2025; file last-modified 2025-04-10; measures mid-March payroll employment at employer establishments, classified by enterprise (firm) employment size; primary split firms <500 vs 500+ employees (SBA cutoff). File: https://www2.census.gov/programs-surveys/susb/tables/2022/us_state_naics_detailedsizes_2022.txt Landing page: https://www.census.gov/data/datasets/2022/econ/susb/2022-susb.html",1644036,77126,95058,124571,321971,270705,618726,889431,754605,4.691259802096791,5.781990175397619,7.577145512628677,19.584181854898553,16.46588030919031,37.63457734502164,54.10045765421195,45.89954234578805,False,1644036,0,1644036,0,
23,Maine,state,2022,detailed_doc_01_26,RETRIEVED,U.S. Census Bureau,Statistics of U.S. Businesses (SUSB),U.S. Census Bureau Statistics of U.S. Businesses (SUSB) 2022,us_state_naics_detailedsizes_2022.txt,https://www2.census.gov/programs-surveys/susb/tables/2022/us_state_naics_detailedsizes_2022.txt,https://www.census.gov/data/datasets/2022/econ/susb/2022-susb.html,reference year 2022; datasets page April 2025; file last-modified 2025-04-10,"mid-March payroll employment at employer establishments, classified by enterprise (firm) employment size; primary split firms <500 vs 500+ employees (SBA cutoff)","U.S. Census Bureau, Statistics of U.S. Businesses (SUSB), 2022 Annual Datasets by Establishment Industry — us_state_naics_detailedsizes_2022.txt (all-industry NAICS=--, enterprise employment size); reference year 2022; datasets page April 2025; file last-modified 2025-04-10; measures mid-March payroll employment at employer establishments, classified by enterprise (firm) employment size; primary split firms <500 vs 500+ employees (SBA cutoff). File: https://www2.census.gov/programs-surveys/susb/tables/2022/us_state_naics_detailedsizes_2022.txt Landing page: https://www.census.gov/data/datasets/2022/econ/susb/2022-susb.html",533151,33881,37223,43697,99627,76090,214428,290518,242633,6.354860067785674,6.981699368471596,8.19598950391165,18.686450930411834,14.271754155952067,40.21899987058075,54.49075402653282,45.50924597346718,False,533151,0,533151,0,
24,Maryland,state,2022,detailed_doc_01_26,RETRIEVED,U.S. Census Bureau,Statistics of U.S. Businesses (SUSB),U.S. Census Bureau Statistics of U.S. Businesses (SUSB) 2022,us_state_naics_detailedsizes_2022.txt,https://www2.census.gov/programs-surveys/susb/tables/2022/us_state_naics_detailedsizes_2022.txt,https://www.census.gov/data/datasets/2022/econ/susb/2022-susb.html,reference year 2022; datasets page April 2025; file last-modified 2025-04-10,"mid-March payroll employment at employer establishments, classified by enterprise (firm) employment size; primary split firms <500 vs 500+ employees (SBA cutoff)","U.S. Census Bureau, Statistics of U.S. Businesses (SUSB), 2022 Annual Datasets by Establishment Industry — us_state_naics_detailedsizes_2022.txt (all-industry NAICS=--, enterprise employment size); reference year 2022; datasets page April 2025; file last-modified 2025-04-10; measures mid-March payroll employment at employer establishments, classified by enterprise (firm) employment size; primary split firms <500 vs 500+ employees (SBA cutoff). File: https://www2.census.gov/programs-surveys/susb/tables/2022/us_state_naics_detailedsizes_2022.txt Landing page: https://www.census.gov/data/datasets/2022/econ/susb/2022-susb.html",2436501,104853,118619,162842,423639,357098,809953,1167051,1269450,4.303425280761223,4.868415814317334,6.683436616689261,17.387187610429876,14.656181138444023,33.242465322197695,47.898646460641714,52.101353539358286,False,2436501,0,2436501,0,
25,Massachusetts,state,2022,detailed_doc_01_26,RETRIEVED,U.S. Census Bureau,Statistics of U.S. Businesses (SUSB),U.S. Census Bureau Statistics of U.S. Businesses (SUSB) 2022,us_state_naics_detailedsizes_2022.txt,https://www2.census.gov/programs-surveys/susb/tables/2022/us_state_naics_detailedsizes_2022.txt,https://www.census.gov/data/datasets/2022/econ/susb/2022-susb.html,reference year 2022; datasets page April 2025; file last-modified 2025-04-10,"mid-March payroll employment at employer establishments, classified by enterprise (firm) employment size; primary split firms <500 vs 500+ employees (SBA cutoff)","U.S. Census Bureau, Statistics of U.S. Businesses (SUSB), 2022 Annual Datasets by Establishment Industry — us_state_naics_detailedsizes_2022.txt (all-industry NAICS=--, enterprise employment size); reference year 2022; datasets page April 2025; file last-modified 2025-04-10; measures mid-March payroll employment at employer establishments, classified by enterprise (firm) employment size; primary split firms <500 vs 500+ employees (SBA cutoff). File: https://www2.census.gov/programs-surveys/susb/tables/2022/us_state_naics_detailedsizes_2022.txt Landing page: https://www.census.gov/data/datasets/2022/econ/susb/2022-susb.html",3396919,140884,159090,202796,535072,478995,1037842,1516837,1880082,4.14740533995659,4.683361599143224,5.9699981071082355,15.751685571542918,14.100866108376444,30.552450617750967,44.653316726127414,55.346683273872586,False,3396919,0,3396919,0,
26,Michigan,state,2022,detailed_doc_01_26,RETRIEVED,U.S. Census Bureau,Statistics of U.S. Businesses (SUSB),U.S. Census Bureau Statistics of U.S. Businesses (SUSB) 2022,us_state_naics_detailedsizes_2022.txt,https://www2.census.gov/programs-surveys/susb/tables/2022/us_state_naics_detailedsizes_2022.txt,https://www.census.gov/data/datasets/2022/econ/susb/2022-susb.html,reference year 2022; datasets page April 2025; file last-modified 2025-04-10,"mid-March payroll employment at employer establishments, classified by enterprise (firm) employment size; primary split firms <500 vs 500+ employees (SBA cutoff)","U.S. Census Bureau, Statistics of U.S. Businesses (SUSB), 2022 Annual Datasets by Establishment Industry — us_state_naics_detailedsizes_2022.txt (all-industry NAICS=--, enterprise employment size); reference year 2022; datasets page April 2025; file last-modified 2025-04-10; measures mid-March payroll employment at employer establishments, classified by enterprise (firm) employment size; primary split firms <500 vs 500+ employees (SBA cutoff). File: https://www2.census.gov/programs-surveys/susb/tables/2022/us_state_naics_detailedsizes_2022.txt Landing page: https://www.census.gov/data/datasets/2022/econ/susb/2022-susb.html",3939076,161261,200663,268184,686853,562283,1316961,1879244,2059832,4.09387886905457,5.094164215161119,6.808297174261172,17.436906523255708,14.274489753434562,33.43324678173257,47.70773653516713,52.29226346483287,False,3939076,0,3939076,0,
27,Minnesota,state,2022,detailed_doc_01_26,RETRIEVED,U.S. Census Bureau,Statistics of U.S. Businesses (SUSB),U.S. Census Bureau Statistics of U.S. Businesses (SUSB) 2022,us_state_naics_detailedsizes_2022.txt,https://www2.census.gov/programs-surveys/susb/tables/2022/us_state_naics_detailedsizes_2022.txt,https://www.census.gov/data/datasets/2022/econ/susb/2022-susb.html,reference year 2022; datasets page April 2025; file last-modified 2025-04-10,"mid-March payroll employment at employer establishments, classified by enterprise (firm) employment size; primary split firms <500 vs 500+ employees (SBA cutoff)","U.S. Census Bureau, Statistics of U.S. Businesses (SUSB), 2022 Annual Datasets by Establishment Industry — us_state_naics_detailedsizes_2022.txt (all-industry NAICS=--, enterprise employment size); reference year 2022; datasets page April 2025; file last-modified 2025-04-10; measures mid-March payroll employment at employer establishments, classified by enterprise (firm) employment size; primary split firms <500 vs 500+ employees (SBA cutoff). File: https://www2.census.gov/programs-surveys/susb/tables/2022/us_state_naics_detailedsizes_2022.txt Landing page: https://www.census.gov/data/datasets/2022/econ/susb/2022-susb.html",2732522,107129,121400,169816,459160,395337,857505,1252842,1479680,3.920517382842663,4.442782162412599,6.2146251704469355,16.803524363207323,14.467843259816389,31.38144907890952,45.84929233872591,54.15070766127409,False,2732522,0,2732522,0,
28,Mississippi,state,2022,detailed_doc_01_26,RETRIEVED,U.S. Census Bureau,Statistics of U.S. Businesses (SUSB),U.S. Census Bureau Statistics of U.S. Businesses (SUSB) 2022,us_state_naics_detailedsizes_2022.txt,https://www2.census.gov/programs-surveys/susb/tables/2022/us_state_naics_detailedsizes_2022.txt,https://www.census.gov/data/datasets/2022/econ/susb/2022-susb.html,reference year 2022; datasets page April 2025; file last-modified 2025-04-10,"mid-March payroll employment at employer establishments, classified by enterprise (firm) employment size; primary split firms <500 vs 500+ employees (SBA cutoff)","U.S. Census Bureau, Statistics of U.S. Businesses (SUSB), 2022 Annual Datasets by Establishment Industry — us_state_naics_detailedsizes_2022.txt (all-industry NAICS=--, enterprise employment size); reference year 2022; datasets page April 2025; file last-modified 2025-04-10; measures mid-March payroll employment at employer establishments, classified by enterprise (firm) employment size; primary split firms <500 vs 500+ employees (SBA cutoff). File: https://www2.census.gov/programs-surveys/susb/tables/2022/us_state_naics_detailedsizes_2022.txt Landing page: https://www.census.gov/data/datasets/2022/econ/susb/2022-susb.html",944580,42942,52599,65201,160851,122520,321593,444113,500467,4.546147494124373,5.5685066378708,6.902644561604099,17.028838213809312,12.970844184717016,34.04613690740858,47.0169810921256,52.9830189078744,False,944580,0,944580,0,
29,Missouri,state,2022,detailed_doc_01_26,RETRIEVED,U.S. Census Bureau,Statistics of U.S. Businesses (SUSB),U.S. Census Bureau Statistics of U.S. Businesses (SUSB) 2022,us_state_naics_detailedsizes_2022.txt,https://www2.census.gov/programs-surveys/susb/tables/2022/us_state_naics_detailedsizes_2022.txt,https://www.census.gov/data/datasets/2022/econ/susb/2022-susb.html,reference year 2022; datasets page April 2025; file last-modified 2025-04-10,"mid-March payroll employment at employer establishments, classified by enterprise (firm) employment size; primary split firms <500 vs 500+ employees (SBA cutoff)","U.S. Census Bureau, Statistics of U.S. Businesses (SUSB), 2022 Annual Datasets by Establishment Industry — us_state_naics_detailedsizes_2022.txt (all-industry NAICS=--, enterprise employment size); reference year 2022; datasets page April 2025; file last-modified 2025-04-10; measures mid-March payroll employment at employer establishments, classified by enterprise (firm) employment size; primary split firms <500 vs 500+ employees (SBA cutoff). File: https://www2.census.gov/programs-surveys/susb/tables/2022/us_state_naics_detailedsizes_2022.txt Landing page: https://www.census.gov/data/datasets/2022/econ/susb/2022-susb.html",2564383,112179,119171,159970,424950,322761,816270,1139031,1425352,4.374502560654941,4.647160740029863,6.238147733782356,16.571237603743278,12.586302436102564,31.83104863821044,44.417351074313004,55.582648925686996,False,2564383,0,2564383,0,
30,Montana,state,2022,detailed_doc_01_26,RETRIEVED,U.S. Census Bureau,Statistics of U.S. Businesses (SUSB),U.S. Census Bureau Statistics of U.S. Businesses (SUSB) 2022,us_state_naics_detailedsizes_2022.txt,https://www2.census.gov/programs-surveys/susb/tables/2022/us_state_naics_detailedsizes_2022.txt,https://www.census.gov/data/datasets/2022/econ/susb/2022-susb.html,reference year 2022; datasets page April 2025; file last-modified 2025-04-10,"mid-March payroll employment at employer establishments, classified by enterprise (firm) employment size; primary split firms <500 vs 500+ employees (SBA cutoff)","U.S. Census Bureau, Statistics of U.S. Businesses (SUSB), 2022 Annual Datasets by Establishment Industry — us_state_naics_detailedsizes_2022.txt (all-industry NAICS=--, enterprise employment size); reference year 2022; datasets page April 2025; file last-modified 2025-04-10; measures mid-March payroll employment at employer establishments, classified by enterprise (firm) employment size; primary split firms <500 vs 500+ employees (SBA cutoff). File: https://www2.census.gov/programs-surveys/susb/tables/2022/us_state_naics_detailedsizes_2022.txt Landing page: https://www.census.gov/data/datasets/2022/econ/susb/2022-susb.html",398871,33777,36492,45186,87500,61612,202955,264567,134304,8.468151357205713,9.148822551652039,11.32847461961386,21.936916948085972,15.44659802291969,50.88236547655758,66.32896349947727,33.671036500522725,False,398871,0,398871,0,
31,Nebraska,state,2022,detailed_doc_01_26,RETRIEVED,U.S. Census Bureau,Statistics of U.S. Businesses (SUSB),U.S. Census Bureau Statistics of U.S. Businesses (SUSB) 2022,us_state_naics_detailedsizes_2022.txt,https://www2.census.gov/programs-surveys/susb/tables/2022/us_state_naics_detailedsizes_2022.txt,https://www.census.gov/data/datasets/2022/econ/susb/2022-susb.html,reference year 2022; datasets page April 2025; file last-modified 2025-04-10,"mid-March payroll employment at employer establishments, classified by enterprise (firm) employment size; primary split firms <500 vs 500+ employees (SBA cutoff)","U.S. Census Bureau, Statistics of U.S. Businesses (SUSB), 2022 Annual Datasets by Establishment Industry — us_state_naics_detailedsizes_2022.txt (all-industry NAICS=--, enterprise employment size); reference year 2022; datasets page April 2025; file last-modified 2025-04-10; measures mid-March payroll employment at employer establishments, classified by enterprise (firm) employment size; primary split firms <500 vs 500+ employees (SBA cutoff). File: https://www2.census.gov/programs-surveys/susb/tables/2022/us_state_naics_detailedsizes_2022.txt Landing page: https://www.census.gov/data/datasets/2022/econ/susb/2022-susb.html",890050,42496,45576,60147,154589,119948,302808,422756,467294,4.774563226785012,5.120611201617887,6.757710240997697,17.368574799168584,13.476546261445986,34.021459468569184,47.498005730015166,52.501994269984834,False,890050,0,890050,0,
32,Nevada,state,2022,detailed_doc_01_26,RETRIEVED,U.S. Census Bureau,Statistics of U.S. Businesses (SUSB),U.S. Census Bureau Statistics of U.S. Businesses (SUSB) 2022,us_state_naics_detailedsizes_2022.txt,https://www2.census.gov/programs-surveys/susb/tables/2022/us_state_naics_detailedsizes_2022.txt,https://www.census.gov/data/datasets/2022/econ/susb/2022-susb.html,reference year 2022; datasets page April 2025; file last-modified 2025-04-10,"mid-March payroll employment at employer establishments, classified by enterprise (firm) employment size; primary split firms <500 vs 500+ employees (SBA cutoff)","U.S. Census Bureau, Statistics of U.S. Businesses (SUSB), 2022 Annual Datasets by Establishment Industry — us_state_naics_detailedsizes_2022.txt (all-industry NAICS=--, enterprise employment size); reference year 2022; datasets page April 2025; file last-modified 2025-04-10; measures mid-March payroll employment at employer establishments, classified by enterprise (firm) employment size; primary split firms <500 vs 500+ employees (SBA cutoff). File: https://www2.census.gov/programs-surveys/susb/tables/2022/us_state_naics_detailedsizes_2022.txt Landing page: https://www.census.gov/data/datasets/2022/econ/susb/2022-susb.html",1286578,52921,58421,82171,212027,173227,405540,578767,707811,4.11331454447379,4.540805143566888,6.386787276014357,16.479918046165874,13.464166183472747,31.52082501022091,44.98499119369366,55.01500880630634,False,1286578,0,1286578,0,
33,New Hampshire,state,2022,detailed_doc_01_26,RETRIEVED,U.S. Census Bureau,Statistics of U.S. Businesses (SUSB),U.S. Census Bureau Statistics of U.S. Businesses (SUSB) 2022,us_state_naics_detailedsizes_2022.txt,https://www2.census.gov/programs-surveys/susb/tables/2022/us_state_naics_detailedsizes_2022.txt,https://www.census.gov/data/datasets/2022/econ/susb/2022-susb.html,reference year 2022; datasets page April 2025; file last-modified 2025-04-10,"mid-March payroll employment at employer establishments, classified by enterprise (firm) employment size; primary split firms <500 vs 500+ employees (SBA cutoff)","U.S. Census Bureau, Statistics of U.S. Businesses (SUSB), 2022 Annual Datasets by Establishment Industry — us_state_naics_detailedsizes_2022.txt (all-industry NAICS=--, enterprise employment size); reference year 2022; datasets page April 2025; file last-modified 2025-04-10; measures mid-March payroll employment at employer establishments, classified by enterprise (firm) employment size; primary split firms <500 vs 500+ employees (SBA cutoff). File: https://www2.census.gov/programs-surveys/susb/tables/2022/us_state_naics_detailedsizes_2022.txt Landing page: https://www.census.gov/data/datasets/2022/econ/susb/2022-susb.html",615249,29374,35593,47453,115113,81887,227533,309420,305829,4.774327142343994,5.785137399654449,7.712812210990998,18.709985713101524,13.30957059662023,36.982262466090965,50.2918330627112,49.7081669372888,False,615249,0,615249,0,
34,New Jersey,state,2022,detailed_doc_01_26,RETRIEVED,U.S. Census Bureau,Statistics of U.S. Businesses (SUSB),U.S. Census Bureau Statistics of U.S. Businesses (SUSB) 2022,us_state_naics_detailedsizes_2022.txt,https://www2.census.gov/programs-surveys/susb/tables/2022/us_state_naics_detailedsizes_2022.txt,https://www.census.gov/data/datasets/2022/econ/susb/2022-susb.html,reference year 2022; datasets page April 2025; file last-modified 2025-04-10,"mid-March payroll employment at employer establishments, classified by enterprise (firm) employment size; primary split firms <500 vs 500+ employees (SBA cutoff)","U.S. Census Bureau, Statistics of U.S. Businesses (SUSB), 2022 Annual Datasets by Establishment Industry — us_state_naics_detailedsizes_2022.txt (all-industry NAICS=--, enterprise employment size); reference year 2022; datasets page April 2025; file last-modified 2025-04-10; measures mid-March payroll employment at employer establishments, classified by enterprise (firm) employment size; primary split firms <500 vs 500+ employees (SBA cutoff). File: https://www2.census.gov/programs-surveys/susb/tables/2022/us_state_naics_detailedsizes_2022.txt Landing page: https://www.census.gov/data/datasets/2022/econ/susb/2022-susb.html",3813702,196793,210233,268085,653911,531987,1329022,1861009,1952693,5.1601567191143936,5.512570200817998,7.029521446615388,17.146358053146262,13.94935944129877,34.84860641969404,48.79796586099281,51.20203413900719,False,3813702,0,3813702,0,
35,New Mexico,state,2022,detailed_doc_01_26,RETRIEVED,U.S. Census Bureau,Statistics of U.S. Businesses (SUSB),U.S. Census Bureau Statistics of U.S. Businesses (SUSB) 2022,us_state_naics_detailedsizes_2022.txt,https://www2.census.gov/programs-surveys/susb/tables/2022/us_state_naics_detailedsizes_2022.txt,https://www.census.gov/data/datasets/2022/econ/susb/2022-susb.html,reference year 2022; datasets page April 2025; file last-modified 2025-04-10,"mid-March payroll employment at employer establishments, classified by enterprise (firm) employment size; primary split firms <500 vs 500+ employees (SBA cutoff)","U.S. Census Bureau, Statistics of U.S. Businesses (SUSB), 2022 Annual Datasets by Establishment Industry — us_state_naics_detailedsizes_2022.txt (all-industry NAICS=--, enterprise employment size); reference year 2022; datasets page April 2025; file last-modified 2025-04-10; measures mid-March payroll employment at employer establishments, classified by enterprise (firm) employment size; primary split firms <500 vs 500+ employees (SBA cutoff). File: https://www2.census.gov/programs-surveys/susb/tables/2022/us_state_naics_detailedsizes_2022.txt Landing page: https://www.census.gov/data/datasets/2022/econ/susb/2022-susb.html",639118,31604,37828,50728,122684,97862,242844,340706,298412,4.944939745086197,5.918781821197338,7.937188437815865,19.195829252188172,15.312039404304057,37.99673925628757,53.30877866059163,46.69122133940837,False,639118,0,639118,0,
36,New York,state,2022,detailed_doc_01_26,RETRIEVED,U.S. Census Bureau,Statistics of U.S. Businesses (SUSB),U.S. Census Bureau Statistics of U.S. Businesses (SUSB) 2022,us_state_naics_detailedsizes_2022.txt,https://www2.census.gov/programs-surveys/susb/tables/2022/us_state_naics_detailedsizes_2022.txt,https://www.census.gov/data/datasets/2022/econ/susb/2022-susb.html,reference year 2022; datasets page April 2025; file last-modified 2025-04-10,"mid-March payroll employment at employer establishments, classified by enterprise (firm) employment size; primary split firms <500 vs 500+ employees (SBA cutoff)","U.S. Census Bureau, Statistics of U.S. Businesses (SUSB), 2022 Annual Datasets by Establishment Industry — us_state_naics_detailedsizes_2022.txt (all-industry NAICS=--, enterprise employment size); reference year 2022; datasets page April 2025; file last-modified 2025-04-10; measures mid-March payroll employment at employer establishments, classified by enterprise (firm) employment size; primary split firms <500 vs 500+ employees (SBA cutoff). File: https://www2.census.gov/programs-surveys/susb/tables/2022/us_state_naics_detailedsizes_2022.txt Landing page: https://www.census.gov/data/datasets/2022/econ/susb/2022-susb.html",8429776,478807,450180,543917,1267379,1192106,2740283,3932389,4497387,5.679949265555811,5.340355425814399,6.452330405932495,15.034551333273862,14.141609456763739,32.50718643057657,46.648795887340306,53.351204112659694,False,8429776,0,8429776,0,
37,North Carolina,state,2022,detailed_doc_01_26,RETRIEVED,U.S. Census Bureau,Statistics of U.S. Businesses (SUSB),U.S. Census Bureau Statistics of U.S. Businesses (SUSB) 2022,us_state_naics_detailedsizes_2022.txt,https://www2.census.gov/programs-surveys/susb/tables/2022/us_state_naics_detailedsizes_2022.txt,https://www.census.gov/data/datasets/2022/econ/susb/2022-susb.html,reference year 2022; datasets page April 2025; file last-modified 2025-04-10,"mid-March payroll employment at employer establishments, classified by enterprise (firm) employment size; primary split firms <500 vs 500+ employees (SBA cutoff)","U.S. Census Bureau, Statistics of U.S. Businesses (SUSB), 2022 Annual Datasets by Establishment Industry — us_state_naics_detailedsizes_2022.txt (all-industry NAICS=--, enterprise employment size); reference year 2022; datasets page April 2025; file last-modified 2025-04-10; measures mid-March payroll employment at employer establishments, classified by enterprise (firm) employment size; primary split firms <500 vs 500+ employees (SBA cutoff). File: https://www2.census.gov/programs-surveys/susb/tables/2022/us_state_naics_detailedsizes_2022.txt Landing page: https://www.census.gov/data/datasets/2022/econ/susb/2022-susb.html",4106761,187738,203466,270082,668630,485653,1329916,1815569,2291192,4.571437198317604,4.9544154139965775,6.576521010109914,16.281200683458326,11.825694263678846,32.38357430588242,44.20926856956127,55.79073143043873,False,4106761,0,4106761,0,
38,North Dakota,state,2022,detailed_doc_01_26,RETRIEVED,U.S. Census Bureau,Statistics of U.S. Businesses (SUSB),U.S. Census Bureau Statistics of U.S. Businesses (SUSB) 2022,us_state_naics_detailedsizes_2022.txt,https://www2.census.gov/programs-surveys/susb/tables/2022/us_state_naics_detailedsizes_2022.txt,https://www.census.gov/data/datasets/2022/econ/susb/2022-susb.html,reference year 2022; datasets page April 2025; file last-modified 2025-04-10,"mid-March payroll employment at employer establishments, classified by enterprise (firm) employment size; primary split firms <500 vs 500+ employees (SBA cutoff)","U.S. Census Bureau, Statistics of U.S. Businesses (SUSB), 2022 Annual Datasets by Establishment Industry — us_state_naics_detailedsizes_2022.txt (all-industry NAICS=--, enterprise employment size); reference year 2022; datasets page April 2025; file last-modified 2025-04-10; measures mid-March payroll employment at employer establishments, classified by enterprise (firm) employment size; primary split firms <500 vs 500+ employees (SBA cutoff). File: https://www2.census.gov/programs-surveys/susb/tables/2022/us_state_naics_detailedsizes_2022.txt Landing page: https://www.census.gov/data/datasets/2022/econ/susb/2022-susb.html",342345,17501,21466,28937,68914,60394,136818,197212,145133,5.112094524529349,6.270282901751157,8.45258438125283,20.129985833004717,17.64126831120653,39.96494764053806,57.60621595174459,42.39378404825541,False,342345,0,342345,0,
39,Ohio,state,2022,detailed_doc_01_26,RETRIEVED,U.S. Census Bureau,Statistics of U.S. Businesses (SUSB),U.S. Census Bureau Statistics of U.S. Businesses (SUSB) 2022,us_state_naics_detailedsizes_2022.txt,https://www2.census.gov/programs-surveys/susb/tables/2022/us_state_naics_detailedsizes_2022.txt,https://www.census.gov/data/datasets/2022/econ/susb/2022-susb.html,reference year 2022; datasets page April 2025; file last-modified 2025-04-10,"mid-March payroll employment at employer establishments, classified by enterprise (firm) employment size; primary split firms <500 vs 500+ employees (SBA cutoff)","U.S. Census Bureau, Statistics of U.S. Businesses (SUSB), 2022 Annual Datasets by Establishment Industry — us_state_naics_detailedsizes_2022.txt (all-industry NAICS=--, enterprise employment size); reference year 2022; datasets page April 2025; file last-modified 2025-04-10; measures mid-March payroll employment at employer establishments, classified by enterprise (firm) employment size; primary split firms <500 vs 500+ employees (SBA cutoff). File: https://www2.census.gov/programs-surveys/susb/tables/2022/us_state_naics_detailedsizes_2022.txt Landing page: https://www.census.gov/data/datasets/2022/econ/susb/2022-susb.html",4963808,169496,218562,299038,799620,688313,1486716,2175029,2788779,3.414636504876901,4.403111482152412,6.024366776474835,16.109003410285005,13.86663223073898,29.951118173789155,43.817750404528134,56.182249595471866,False,4963808,0,4963808,0,
40,Oklahoma,state,2022,detailed_doc_01_26,RETRIEVED,U.S. Census Bureau,Statistics of U.S. Businesses (SUSB),U.S. Census Bureau Statistics of U.S. Businesses (SUSB) 2022,us_state_naics_detailedsizes_2022.txt,https://www2.census.gov/programs-surveys/susb/tables/2022/us_state_naics_detailedsizes_2022.txt,https://www.census.gov/data/datasets/2022/econ/susb/2022-susb.html,reference year 2022; datasets page April 2025; file last-modified 2025-04-10,"mid-March payroll employment at employer establishments, classified by enterprise (firm) employment size; primary split firms <500 vs 500+ employees (SBA cutoff)","U.S. Census Bureau, Statistics of U.S. Businesses (SUSB), 2022 Annual Datasets by Establishment Industry — us_state_naics_detailedsizes_2022.txt (all-industry NAICS=--, enterprise employment size); reference year 2022; datasets page April 2025; file last-modified 2025-04-10; measures mid-March payroll employment at employer establishments, classified by enterprise (firm) employment size; primary split firms <500 vs 500+ employees (SBA cutoff). File: https://www2.census.gov/programs-surveys/susb/tables/2022/us_state_naics_detailedsizes_2022.txt Landing page: https://www.census.gov/data/datasets/2022/econ/susb/2022-susb.html",1390468,71304,79937,100909,253381,201375,505531,706906,683562,5.1280576036269805,5.7489276991631595,7.257196857460941,18.222713503654884,14.482533938213608,36.356895663905966,50.83942960211957,49.16057039788043,False,1390468,0,1390468,0,
41,Oregon,state,2022,detailed_doc_01_26,RETRIEVED,U.S. Census Bureau,Statistics of U.S. Businesses (SUSB),U.S. Census Bureau Statistics of U.S. Businesses (SUSB) 2022,us_state_naics_detailedsizes_2022.txt,https://www2.census.gov/programs-surveys/susb/tables/2022/us_state_naics_detailedsizes_2022.txt,https://www.census.gov/data/datasets/2022/econ/susb/2022-susb.html,reference year 2022; datasets page April 2025; file last-modified 2025-04-10,"mid-March payroll employment at employer establishments, classified by enterprise (firm) employment size; primary split firms <500 vs 500+ employees (SBA cutoff)","U.S. Census Bureau, Statistics of U.S. Businesses (SUSB), 2022 Annual Datasets by Establishment Industry — us_state_naics_detailedsizes_2022.txt (all-industry NAICS=--, enterprise employment size); reference year 2022; datasets page April 2025; file last-modified 2025-04-10; measures mid-March payroll employment at employer establishments, classified by enterprise (firm) employment size; primary split firms <500 vs 500+ employees (SBA cutoff). File: https://www2.census.gov/programs-surveys/susb/tables/2022/us_state_naics_detailedsizes_2022.txt Landing page: https://www.census.gov/data/datasets/2022/econ/susb/2022-susb.html",1666806,95541,110791,142525,310118,230553,658975,889528,777278,5.731980806404585,6.646904318798948,8.550785154361096,18.605524578145268,13.83202364282346,39.5351948577099,53.367218500533355,46.632781499466645,False,1666806,0,1666806,0,
42,Pennsylvania,state,2022,detailed_doc_01_26,RETRIEVED,U.S. Census Bureau,Statistics of U.S. Businesses (SUSB),U.S. Census Bureau Statistics of U.S. Businesses (SUSB) 2022,us_state_naics_detailedsizes_2022.txt,https://www2.census.gov/programs-surveys/susb/tables/2022/us_state_naics_detailedsizes_2022.txt,https://www.census.gov/data/datasets/2022/econ/susb/2022-susb.html,reference year 2022; datasets page April 2025; file last-modified 2025-04-10,"mid-March payroll employment at employer establishments, classified by enterprise (firm) employment size; primary split firms <500 vs 500+ employees (SBA cutoff)","U.S. Census Bureau, Statistics of U.S. Businesses (SUSB), 2022 Annual Datasets by Establishment Industry — us_state_naics_detailedsizes_2022.txt (all-industry NAICS=--, enterprise employment size); reference year 2022; datasets page April 2025; file last-modified 2025-04-10; measures mid-March payroll employment at employer establishments, classified by enterprise (firm) employment size; primary split firms <500 vs 500+ employees (SBA cutoff). File: https://www2.census.gov/programs-surveys/susb/tables/2022/us_state_naics_detailedsizes_2022.txt Landing page: https://www.census.gov/data/datasets/2022/econ/susb/2022-susb.html",5584830,226463,268961,348059,911974,771009,1755457,2526466,3058364,4.054966758164528,4.8159209859566,6.2322219297633055,16.329485409582745,13.80541574228759,31.432595083467177,45.23801082575477,54.76198917424523,False,5584830,0,5584830,0,
44,Rhode Island,state,2022,detailed_doc_01_26,RETRIEVED,U.S. Census Bureau,Statistics of U.S. Businesses (SUSB),U.S. Census Bureau Statistics of U.S. Businesses (SUSB) 2022,us_state_naics_detailedsizes_2022.txt,https://www2.census.gov/programs-surveys/susb/tables/2022/us_state_naics_detailedsizes_2022.txt,https://www.census.gov/data/datasets/2022/econ/susb/2022-susb.html,reference year 2022; datasets page April 2025; file last-modified 2025-04-10,"mid-March payroll employment at employer establishments, classified by enterprise (firm) employment size; primary split firms <500 vs 500+ employees (SBA cutoff)","U.S. Census Bureau, Statistics of U.S. Businesses (SUSB), 2022 Annual Datasets by Establishment Industry — us_state_naics_detailedsizes_2022.txt (all-industry NAICS=--, enterprise employment size); reference year 2022; datasets page April 2025; file last-modified 2025-04-10; measures mid-March payroll employment at employer establishments, classified by enterprise (firm) employment size; primary split firms <500 vs 500+ employees (SBA cutoff). File: https://www2.census.gov/programs-surveys/susb/tables/2022/us_state_naics_detailedsizes_2022.txt Landing page: https://www.census.gov/data/datasets/2022/econ/susb/2022-susb.html",439021,23396,26162,33285,80872,60765,163715,224480,214541,5.329130041615321,5.959168240243633,7.581641880456743,18.420986695397257,13.841023550126303,37.290926857712954,51.13195040783926,48.86804959216074,False,439021,0,439021,0,
45,South Carolina,state,2022,detailed_doc_01_26,RETRIEVED,U.S. Census Bureau,Statistics of U.S. Businesses (SUSB),U.S. Census Bureau Statistics of U.S. Businesses (SUSB) 2022,us_state_naics_detailedsizes_2022.txt,https://www2.census.gov/programs-surveys/susb/tables/2022/us_state_naics_detailedsizes_2022.txt,https://www.census.gov/data/datasets/2022/econ/susb/2022-susb.html,reference year 2022; datasets page April 2025; file last-modified 2025-04-10,"mid-March payroll employment at employer establishments, classified by enterprise (firm) employment size; primary split firms <500 vs 500+ employees (SBA cutoff)","U.S. Census Bureau, Statistics of U.S. Businesses (SUSB), 2022 Annual Datasets by Establishment Industry — us_state_naics_detailedsizes_2022.txt (all-industry NAICS=--, enterprise employment size); reference year 2022; datasets page April 2025; file last-modified 2025-04-10; measures mid-March payroll employment at employer establishments, classified by enterprise (firm) employment size; primary split firms <500 vs 500+ employees (SBA cutoff). File: https://www2.census.gov/programs-surveys/susb/tables/2022/us_state_naics_detailedsizes_2022.txt Landing page: https://www.census.gov/data/datasets/2022/econ/susb/2022-susb.html",2013315,88233,98027,127423,313331,236312,627014,863326,1149989,4.382473681465642,4.868935064806053,6.329014585397715,15.562939728755808,11.737457874202496,31.14336306042522,42.880820934627714,57.119179065372286,False,2013315,0,2013315,0,
46,South Dakota,state,2022,detailed_doc_01_26,RETRIEVED,U.S. Census Bureau,Statistics of U.S. Businesses (SUSB),U.S. Census Bureau Statistics of U.S. Businesses (SUSB) 2022,us_state_naics_detailedsizes_2022.txt,https://www2.census.gov/programs-surveys/susb/tables/2022/us_state_naics_detailedsizes_2022.txt,https://www.census.gov/data/datasets/2022/econ/susb/2022-susb.html,reference year 2022; datasets page April 2025; file last-modified 2025-04-10,"mid-March payroll employment at employer establishments, classified by enterprise (firm) employment size; primary split firms <500 vs 500+ employees (SBA cutoff)","U.S. Census Bureau, Statistics of U.S. Businesses (SUSB), 2022 Annual Datasets by Establishment Industry — us_state_naics_detailedsizes_2022.txt (all-industry NAICS=--, enterprise employment size); reference year 2022; datasets page April 2025; file last-modified 2025-04-10; measures mid-March payroll employment at employer establishments, classified by enterprise (firm) employment size; primary split firms <500 vs 500+ employees (SBA cutoff). File: https://www2.census.gov/programs-surveys/susb/tables/2022/us_state_naics_detailedsizes_2022.txt Landing page: https://www.census.gov/data/datasets/2022/econ/susb/2022-susb.html",373863,21815,25106,31634,75009,63141,153564,216705,157158,5.8350251295260565,6.715294105059875,8.461388262545372,20.063231718570705,16.888806862406817,41.07493921570201,57.96374607810883,42.03625392189117,False,373863,0,373863,0,
47,Tennessee,state,2022,detailed_doc_01_26,RETRIEVED,U.S. Census Bureau,Statistics of U.S. Businesses (SUSB),U.S. Census Bureau Statistics of U.S. Businesses (SUSB) 2022,us_state_naics_detailedsizes_2022.txt,https://www2.census.gov/programs-surveys/susb/tables/2022/us_state_naics_detailedsizes_2022.txt,https://www.census.gov/data/datasets/2022/econ/susb/2022-susb.html,reference year 2022; datasets page April 2025; file last-modified 2025-04-10,"mid-March payroll employment at employer establishments, classified by enterprise (firm) employment size; primary split firms <500 vs 500+ employees (SBA cutoff)","U.S. Census Bureau, Statistics of U.S. Businesses (SUSB), 2022 Annual Datasets by Establishment Industry — us_state_naics_detailedsizes_2022.txt (all-industry NAICS=--, enterprise employment size); reference year 2022; datasets page April 2025; file last-modified 2025-04-10; measures mid-March payroll employment at employer establishments, classified by enterprise (firm) employment size; primary split firms <500 vs 500+ employees (SBA cutoff). File: https://www2.census.gov/programs-surveys/susb/tables/2022/us_state_naics_detailedsizes_2022.txt Landing page: https://www.census.gov/data/datasets/2022/econ/susb/2022-susb.html",2846881,97846,124985,160900,435087,363619,818818,1182437,1664444,3.4369543370446465,4.39024321705052,5.6517992849016165,15.282935956929707,12.772539491464519,28.76193279592649,41.534472287391004,58.465527712608996,False,2846881,0,2846881,0,
48,Texas,state,2022,detailed_doc_01_26,RETRIEVED,U.S. Census Bureau,Statistics of U.S. Businesses (SUSB),U.S. Census Bureau Statistics of U.S. Businesses (SUSB) 2022,us_state_naics_detailedsizes_2022.txt,https://www2.census.gov/programs-surveys/susb/tables/2022/us_state_naics_detailedsizes_2022.txt,https://www.census.gov/data/datasets/2022/econ/susb/2022-susb.html,reference year 2022; datasets page April 2025; file last-modified 2025-04-10,"mid-March payroll employment at employer establishments, classified by enterprise (firm) employment size; primary split firms <500 vs 500+ employees (SBA cutoff)","U.S. Census Bureau, Statistics of U.S. Businesses (SUSB), 2022 Annual Datasets by Establishment Industry — us_state_naics_detailedsizes_2022.txt (all-industry NAICS=--, enterprise employment size); reference year 2022; datasets page April 2025; file last-modified 2025-04-10; measures mid-March payroll employment at employer establishments, classified by enterprise (firm) employment size; primary split firms <500 vs 500+ employees (SBA cutoff). File: https://www2.census.gov/programs-surveys/susb/tables/2022/us_state_naics_detailedsizes_2022.txt Landing page: https://www.census.gov/data/datasets/2022/econ/susb/2022-susb.html",11507642,478977,533299,703062,1812328,1580342,3527666,5108008,6399634,4.162251484709031,4.634303013597399,6.109522698047089,15.74890842103013,13.732978485079741,30.654985617383648,44.38796410246339,55.61203589753661,False,11507642,0,11507642,0,
49,Utah,state,2022,detailed_doc_01_26,RETRIEVED,U.S. Census Bureau,Statistics of U.S. Businesses (SUSB),U.S. Census Bureau Statistics of U.S. Businesses (SUSB) 2022,us_state_naics_detailedsizes_2022.txt,https://www2.census.gov/programs-surveys/susb/tables/2022/us_state_naics_detailedsizes_2022.txt,https://www.census.gov/data/datasets/2022/econ/susb/2022-susb.html,reference year 2022; datasets page April 2025; file last-modified 2025-04-10,"mid-March payroll employment at employer establishments, classified by enterprise (firm) employment size; primary split firms <500 vs 500+ employees (SBA cutoff)","U.S. Census Bureau, Statistics of U.S. Businesses (SUSB), 2022 Annual Datasets by Establishment Industry — us_state_naics_detailedsizes_2022.txt (all-industry NAICS=--, enterprise employment size); reference year 2022; datasets page April 2025; file last-modified 2025-04-10; measures mid-March payroll employment at employer establishments, classified by enterprise (firm) employment size; primary split firms <500 vs 500+ employees (SBA cutoff). File: https://www2.census.gov/programs-surveys/susb/tables/2022/us_state_naics_detailedsizes_2022.txt Landing page: https://www.census.gov/data/datasets/2022/econ/susb/2022-susb.html",1521640,69416,70079,99763,250557,200254,489815,690069,831571,4.561920033647906,4.6054914434426015,6.556281380615651,16.46624694408664,13.160405877868616,32.189939801792804,45.350345679661416,54.649654320338584,False,1521640,0,1521640,0,
50,Vermont,state,2022,detailed_doc_01_26,RETRIEVED,U.S. Census Bureau,Statistics of U.S. Businesses (SUSB),U.S. Census Bureau Statistics of U.S. Businesses (SUSB) 2022,us_state_naics_detailedsizes_2022.txt,https://www2.census.gov/programs-surveys/susb/tables/2022/us_state_naics_detailedsizes_2022.txt,https://www.census.gov/data/datasets/2022/econ/susb/2022-susb.html,reference year 2022; datasets page April 2025; file last-modified 2025-04-10,"mid-March payroll employment at employer establishments, classified by enterprise (firm) employment size; primary split firms <500 vs 500+ employees (SBA cutoff)","U.S. Census Bureau, Statistics of U.S. Businesses (SUSB), 2022 Annual Datasets by Establishment Industry — us_state_naics_detailedsizes_2022.txt (all-industry NAICS=--, enterprise employment size); reference year 2022; datasets page April 2025; file last-modified 2025-04-10; measures mid-March payroll employment at employer establishments, classified by enterprise (firm) employment size; primary split firms <500 vs 500+ employees (SBA cutoff). File: https://www2.census.gov/programs-surveys/susb/tables/2022/us_state_naics_detailedsizes_2022.txt Landing page: https://www.census.gov/data/datasets/2022/econ/susb/2022-susb.html",254471,16989,19695,23868,53024,44383,113576,157959,96512,6.676202789315875,7.739585257259177,9.37945777711409,20.8369519513029,17.44128014587124,44.63219777499204,62.07347792086328,37.92652207913672,False,254471,0,254471,0,
51,Virginia,state,2022,detailed_doc_01_26,RETRIEVED,U.S. Census Bureau,Statistics of U.S. Businesses (SUSB),U.S. Census Bureau Statistics of U.S. Businesses (SUSB) 2022,us_state_naics_detailedsizes_2022.txt,https://www2.census.gov/programs-surveys/susb/tables/2022/us_state_naics_detailedsizes_2022.txt,https://www.census.gov/data/datasets/2022/econ/susb/2022-susb.html,reference year 2022; datasets page April 2025; file last-modified 2025-04-10,"mid-March payroll employment at employer establishments, classified by enterprise (firm) employment size; primary split firms <500 vs 500+ employees (SBA cutoff)","U.S. Census Bureau, Statistics of U.S. Businesses (SUSB), 2022 Annual Datasets by Establishment Industry — us_state_naics_detailedsizes_2022.txt (all-industry NAICS=--, enterprise employment size); reference year 2022; datasets page April 2025; file last-modified 2025-04-10; measures mid-March payroll employment at employer establishments, classified by enterprise (firm) employment size; primary split firms <500 vs 500+ employees (SBA cutoff). File: https://www2.census.gov/programs-surveys/susb/tables/2022/us_state_naics_detailedsizes_2022.txt Landing page: https://www.census.gov/data/datasets/2022/econ/susb/2022-susb.html",3494956,152760,169725,227658,578670,474055,1128813,1602868,1892088,4.370870477339343,4.856284313736711,6.513901748691543,16.557289991633656,13.563976198841988,32.29834653140125,45.86232273024324,54.13767726975676,False,3494956,0,3494956,0,
53,Washington,state,2022,detailed_doc_01_26,RETRIEVED,U.S. Census Bureau,Statistics of U.S. Businesses (SUSB),U.S. Census Bureau Statistics of U.S. Businesses (SUSB) 2022,us_state_naics_detailedsizes_2022.txt,https://www2.census.gov/programs-surveys/susb/tables/2022/us_state_naics_detailedsizes_2022.txt,https://www.census.gov/data/datasets/2022/econ/susb/2022-susb.html,reference year 2022; datasets page April 2025; file last-modified 2025-04-10,"mid-March payroll employment at employer establishments, classified by enterprise (firm) employment size; primary split firms <500 vs 500+ employees (SBA cutoff)","U.S. Census Bureau, Statistics of U.S. Businesses (SUSB), 2022 Annual Datasets by Establishment Industry — us_state_naics_detailedsizes_2022.txt (all-industry NAICS=--, enterprise employment size); reference year 2022; datasets page April 2025; file last-modified 2025-04-10; measures mid-March payroll employment at employer establishments, classified by enterprise (firm) employment size; primary split firms <500 vs 500+ employees (SBA cutoff). File: https://www2.census.gov/programs-surveys/susb/tables/2022/us_state_naics_detailedsizes_2022.txt Landing page: https://www.census.gov/data/datasets/2022/econ/susb/2022-susb.html",2978277,154124,177237,228416,502598,389242,1062375,1451617,1526660,5.174938395589128,5.950991126748788,7.669400797843854,16.875461886184528,13.069368631594712,35.6707922063663,48.74016083796101,51.25983916203899,False,2978277,0,2978277,0,
54,West Virginia,state,2022,detailed_doc_01_26,RETRIEVED,U.S. Census Bureau,Statistics of U.S. Businesses (SUSB),U.S. Census Bureau Statistics of U.S. Businesses (SUSB) 2022,us_state_naics_detailedsizes_2022.txt,https://www2.census.gov/programs-surveys/susb/tables/2022/us_state_naics_detailedsizes_2022.txt,https://www.census.gov/data/datasets/2022/econ/susb/2022-susb.html,reference year 2022; datasets page April 2025; file last-modified 2025-04-10,"mid-March payroll employment at employer establishments, classified by enterprise (firm) employment size; primary split firms <500 vs 500+ employees (SBA cutoff)","U.S. Census Bureau, Statistics of U.S. Businesses (SUSB), 2022 Annual Datasets by Establishment Industry — us_state_naics_detailedsizes_2022.txt (all-industry NAICS=--, enterprise employment size); reference year 2022; datasets page April 2025; file last-modified 2025-04-10; measures mid-March payroll employment at employer establishments, classified by enterprise (firm) employment size; primary split firms <500 vs 500+ employees (SBA cutoff). File: https://www2.census.gov/programs-surveys/susb/tables/2022/us_state_naics_detailedsizes_2022.txt Landing page: https://www.census.gov/data/datasets/2022/econ/susb/2022-susb.html",540468,23876,30479,39088,89324,73514,182767,256281,284187,4.417652849012337,5.639371803696056,7.232250568026229,16.527157944596166,13.6019153770436,33.816433165330785,47.41834854237439,52.58165145762561,False,540468,0,540468,0,
55,Wisconsin,state,2022,detailed_doc_01_26,RETRIEVED,U.S. Census Bureau,Statistics of U.S. Businesses (SUSB),U.S. Census Bureau Statistics of U.S. Businesses (SUSB) 2022,us_state_naics_detailedsizes_2022.txt,https://www2.census.gov/programs-surveys/susb/tables/2022/us_state_naics_detailedsizes_2022.txt,https://www.census.gov/data/datasets/2022/econ/susb/2022-susb.html,reference year 2022; datasets page April 2025; file last-modified 2025-04-10,"mid-March payroll employment at employer establishments, classified by enterprise (firm) employment size; primary split firms <500 vs 500+ employees (SBA cutoff)","U.S. Census Bureau, Statistics of U.S. Businesses (SUSB), 2022 Annual Datasets by Establishment Industry — us_state_naics_detailedsizes_2022.txt (all-industry NAICS=--, enterprise employment size); reference year 2022; datasets page April 2025; file last-modified 2025-04-10; measures mid-March payroll employment at employer establishments, classified by enterprise (firm) employment size; primary split firms <500 vs 500+ employees (SBA cutoff). File: https://www2.census.gov/programs-surveys/susb/tables/2022/us_state_naics_detailedsizes_2022.txt Landing page: https://www.census.gov/data/datasets/2022/econ/susb/2022-susb.html",2600303,99587,123964,172071,460245,392008,855867,1247875,1352428,3.82982290909944,4.7672905811361215,6.617344209501739,17.69966807714332,15.075473896695884,32.91412577688062,47.9895996735765,52.0104003264235,False,2600303,0,2600303,0,
56,Wyoming,state,2022,detailed_doc_01_26,RETRIEVED,U.S. Census Bureau,Statistics of U.S. Businesses (SUSB),U.S. Census Bureau Statistics of U.S. Businesses (SUSB) 2022,us_state_naics_detailedsizes_2022.txt,https://www2.census.gov/programs-surveys/susb/tables/2022/us_state_naics_detailedsizes_2022.txt,https://www.census.gov/data/datasets/2022/econ/susb/2022-susb.html,reference year 2022; datasets page April 2025; file last-modified 2025-04-10,"mid-March payroll employment at employer establishments, classified by enterprise (firm) employment size; primary split firms <500 vs 500+ employees (SBA cutoff)","U.S. Census Bureau, Statistics of U.S. Businesses (SUSB), 2022 Annual Datasets by Establishment Industry — us_state_naics_detailedsizes_2022.txt (all-industry NAICS=--, enterprise employment size); reference year 2022; datasets page April 2025; file last-modified 2025-04-10; measures mid-March payroll employment at employer establishments, classified by enterprise (firm) employment size; primary split firms <500 vs 500+ employees (SBA cutoff). File: https://www2.census.gov/programs-surveys/susb/tables/2022/us_state_naics_detailedsizes_2022.txt Landing page: https://www.census.gov/data/datasets/2022/econ/susb/2022-susb.html",208024,18453,19987,23232,46131,27833,107803,135636,72388,8.870611083336538,9.608025997000347,11.16794216051994,22.17580663769565,13.379706187747567,51.822385878552474,65.20209206630004,34.79790793369996,False,208024,0,208024,0,
