geo_id,geography,geo_level,workers_16_plus,worked_from_home,wfh_rate_pct,workers_16_plus_moe,worked_from_home_moe,rank_desc,agency,program,table,year,variable_or_question,url,url_secondary,funded_by,origin,confidence,notes
01000US,United States,nation,165360450,22026372,13.3202177425134,170737.0,86199.0,,U.S. Census Bureau,American Community Survey (ACS) 1-Year Estimates Detailed Tables,B08301 Means of Transportation to Work,2024,B08301_021E Worked from home / B08301_001E Total; universe = Workers 16 years and over; usually worked from home as means of transportation to work (journey-to-work),"https://api.censusreporter.org/1.0/data/show/latest?table_ids=B08301&geo_ids=040%7C01000US,01000US",https://data.census.gov/table/ACSDT1Y2024.B08301,U.S. Census Bureau (federal statistical agency),RETRIEVED,high,Pulled via Census Reporter API wrapping ACS 2024 1-year release (release id acs2024_1yr). Direct api.census.gov calls required a key; counts match ACS table B08301.
04000US11,District of Columbia,state,388136,88726,22.859513160335553,6178.0,4752.0,1,U.S. Census Bureau,American Community Survey (ACS) 1-Year Estimates Detailed Tables,B08301 Means of Transportation to Work,2024,B08301_021E Worked from home / B08301_001E Total; universe = Workers 16 years and over; usually worked from home as means of transportation to work (journey-to-work),"https://api.censusreporter.org/1.0/data/show/latest?table_ids=B08301&geo_ids=040%7C01000US,01000US",https://data.census.gov/table/ACSDT1Y2024.B08301,U.S. Census Bureau (federal statistical agency),RETRIEVED,high,Pulled via Census Reporter API wrapping ACS 2024 1-year release (release id acs2024_1yr). Direct api.census.gov calls required a key; counts match ACS table B08301.
04000US08,Colorado,state,3167362,629420,19.87205756714894,15533.0,15025.0,2,U.S. Census Bureau,American Community Survey (ACS) 1-Year Estimates Detailed Tables,B08301 Means of Transportation to Work,2024,B08301_021E Worked from home / B08301_001E Total; universe = Workers 16 years and over; usually worked from home as means of transportation to work (journey-to-work),"https://api.censusreporter.org/1.0/data/show/latest?table_ids=B08301&geo_ids=040%7C01000US,01000US",https://data.census.gov/table/ACSDT1Y2024.B08301,U.S. Census Bureau (federal statistical agency),RETRIEVED,high,Pulled via Census Reporter API wrapping ACS 2024 1-year release (release id acs2024_1yr). Direct api.census.gov calls required a key; counts match ACS table B08301.
04000US41,Oregon,state,2080165,354930,17.062588785024264,14334.0,9105.0,3,U.S. Census Bureau,American Community Survey (ACS) 1-Year Estimates Detailed Tables,B08301 Means of Transportation to Work,2024,B08301_021E Worked from home / B08301_001E Total; universe = Workers 16 years and over; usually worked from home as means of transportation to work (journey-to-work),"https://api.censusreporter.org/1.0/data/show/latest?table_ids=B08301&geo_ids=040%7C01000US,01000US",https://data.census.gov/table/ACSDT1Y2024.B08301,U.S. Census Bureau (federal statistical agency),RETRIEVED,high,Pulled via Census Reporter API wrapping ACS 2024 1-year release (release id acs2024_1yr). Direct api.census.gov calls required a key; counts match ACS table B08301.
04000US53,Washington,state,3932815,645514,16.413535851546538,20919.0,16020.0,4,U.S. Census Bureau,American Community Survey (ACS) 1-Year Estimates Detailed Tables,B08301 Means of Transportation to Work,2024,B08301_021E Worked from home / B08301_001E Total; universe = Workers 16 years and over; usually worked from home as means of transportation to work (journey-to-work),"https://api.censusreporter.org/1.0/data/show/latest?table_ids=B08301&geo_ids=040%7C01000US,01000US",https://data.census.gov/table/ACSDT1Y2024.B08301,U.S. Census Bureau (federal statistical agency),RETRIEVED,high,Pulled via Census Reporter API wrapping ACS 2024 1-year release (release id acs2024_1yr). Direct api.census.gov calls required a key; counts match ACS table B08301.
04000US04,Arizona,state,3571875,582289,16.302054243219597,21491.0,15998.0,5,U.S. Census Bureau,American Community Survey (ACS) 1-Year Estimates Detailed Tables,B08301 Means of Transportation to Work,2024,B08301_021E Worked from home / B08301_001E Total; universe = Workers 16 years and over; usually worked from home as means of transportation to work (journey-to-work),"https://api.censusreporter.org/1.0/data/show/latest?table_ids=B08301&geo_ids=040%7C01000US,01000US",https://data.census.gov/table/ACSDT1Y2024.B08301,U.S. Census Bureau (federal statistical agency),RETRIEVED,high,Pulled via Census Reporter API wrapping ACS 2024 1-year release (release id acs2024_1yr). Direct api.census.gov calls required a key; counts match ACS table B08301.
04000US33,New Hampshire,state,754095,120950,16.039093217698035,8724.0,5930.0,6,U.S. Census Bureau,American Community Survey (ACS) 1-Year Estimates Detailed Tables,B08301 Means of Transportation to Work,2024,B08301_021E Worked from home / B08301_001E Total; universe = Workers 16 years and over; usually worked from home as means of transportation to work (journey-to-work),"https://api.censusreporter.org/1.0/data/show/latest?table_ids=B08301&geo_ids=040%7C01000US,01000US",https://data.census.gov/table/ACSDT1Y2024.B08301,U.S. Census Bureau (federal statistical agency),RETRIEVED,high,Pulled via Census Reporter API wrapping ACS 2024 1-year release (release id acs2024_1yr). Direct api.census.gov calls required a key; counts match ACS table B08301.
04000US50,Vermont,state,340565,54357,15.960829797542319,4618.0,3105.0,7,U.S. Census Bureau,American Community Survey (ACS) 1-Year Estimates Detailed Tables,B08301 Means of Transportation to Work,2024,B08301_021E Worked from home / B08301_001E Total; universe = Workers 16 years and over; usually worked from home as means of transportation to work (journey-to-work),"https://api.censusreporter.org/1.0/data/show/latest?table_ids=B08301&geo_ids=040%7C01000US,01000US",https://data.census.gov/table/ACSDT1Y2024.B08301,U.S. Census Bureau (federal statistical agency),RETRIEVED,high,Pulled via Census Reporter API wrapping ACS 2024 1-year release (release id acs2024_1yr). Direct api.census.gov calls required a key; counts match ACS table B08301.
04000US51,Virginia,state,4445265,703153,15.818022097670218,19940.0,15269.0,8,U.S. Census Bureau,American Community Survey (ACS) 1-Year Estimates Detailed Tables,B08301 Means of Transportation to Work,2024,B08301_021E Worked from home / B08301_001E Total; universe = Workers 16 years and over; usually worked from home as means of transportation to work (journey-to-work),"https://api.censusreporter.org/1.0/data/show/latest?table_ids=B08301&geo_ids=040%7C01000US,01000US",https://data.census.gov/table/ACSDT1Y2024.B08301,U.S. Census Bureau (federal statistical agency),RETRIEVED,high,Pulled via Census Reporter API wrapping ACS 2024 1-year release (release id acs2024_1yr). Direct api.census.gov calls required a key; counts match ACS table B08301.
04000US49,Utah,state,1771258,277963,15.692970758635953,12498.0,8365.0,9,U.S. Census Bureau,American Community Survey (ACS) 1-Year Estimates Detailed Tables,B08301 Means of Transportation to Work,2024,B08301_021E Worked from home / B08301_001E Total; universe = Workers 16 years and over; usually worked from home as means of transportation to work (journey-to-work),"https://api.censusreporter.org/1.0/data/show/latest?table_ids=B08301&geo_ids=040%7C01000US,01000US",https://data.census.gov/table/ACSDT1Y2024.B08301,U.S. Census Bureau (federal statistical agency),RETRIEVED,high,Pulled via Census Reporter API wrapping ACS 2024 1-year release (release id acs2024_1yr). Direct api.census.gov calls required a key; counts match ACS table B08301.
04000US24,Maryland,state,3227926,504513,15.629633393082742,17759.0,12658.0,10,U.S. Census Bureau,American Community Survey (ACS) 1-Year Estimates Detailed Tables,B08301 Means of Transportation to Work,2024,B08301_021E Worked from home / B08301_001E Total; universe = Workers 16 years and over; usually worked from home as means of transportation to work (journey-to-work),"https://api.censusreporter.org/1.0/data/show/latest?table_ids=B08301&geo_ids=040%7C01000US,01000US",https://data.census.gov/table/ACSDT1Y2024.B08301,U.S. Census Bureau (federal statistical agency),RETRIEVED,high,Pulled via Census Reporter API wrapping ACS 2024 1-year release (release id acs2024_1yr). Direct api.census.gov calls required a key; counts match ACS table B08301.
04000US12,Florida,state,11086922,1721372,15.526148736321948,42746.0,29624.0,11,U.S. Census Bureau,American Community Survey (ACS) 1-Year Estimates Detailed Tables,B08301 Means of Transportation to Work,2024,B08301_021E Worked from home / B08301_001E Total; universe = Workers 16 years and over; usually worked from home as means of transportation to work (journey-to-work),"https://api.censusreporter.org/1.0/data/show/latest?table_ids=B08301&geo_ids=040%7C01000US,01000US",https://data.census.gov/table/ACSDT1Y2024.B08301,U.S. Census Bureau (federal statistical agency),RETRIEVED,high,Pulled via Census Reporter API wrapping ACS 2024 1-year release (release id acs2024_1yr). Direct api.census.gov calls required a key; counts match ACS table B08301.
04000US37,North Carolina,state,5375927,828181,15.405361717151294,23979.0,14357.0,12,U.S. Census Bureau,American Community Survey (ACS) 1-Year Estimates Detailed Tables,B08301 Means of Transportation to Work,2024,B08301_021E Worked from home / B08301_001E Total; universe = Workers 16 years and over; usually worked from home as means of transportation to work (journey-to-work),"https://api.censusreporter.org/1.0/data/show/latest?table_ids=B08301&geo_ids=040%7C01000US,01000US",https://data.census.gov/table/ACSDT1Y2024.B08301,U.S. Census Bureau (federal statistical agency),RETRIEVED,high,Pulled via Census Reporter API wrapping ACS 2024 1-year release (release id acs2024_1yr). Direct api.census.gov calls required a key; counts match ACS table B08301.
04000US13,Georgia,state,5402123,803593,14.875503575168503,25161.0,16639.0,13,U.S. Census Bureau,American Community Survey (ACS) 1-Year Estimates Detailed Tables,B08301 Means of Transportation to Work,2024,B08301_021E Worked from home / B08301_001E Total; universe = Workers 16 years and over; usually worked from home as means of transportation to work (journey-to-work),"https://api.censusreporter.org/1.0/data/show/latest?table_ids=B08301&geo_ids=040%7C01000US,01000US",https://data.census.gov/table/ACSDT1Y2024.B08301,U.S. Census Bureau (federal statistical agency),RETRIEVED,high,Pulled via Census Reporter API wrapping ACS 2024 1-year release (release id acs2024_1yr). Direct api.census.gov calls required a key; counts match ACS table B08301.
04000US25,Massachusetts,state,3752433,556682,14.835228237253004,20328.0,12572.0,14,U.S. Census Bureau,American Community Survey (ACS) 1-Year Estimates Detailed Tables,B08301 Means of Transportation to Work,2024,B08301_021E Worked from home / B08301_001E Total; universe = Workers 16 years and over; usually worked from home as means of transportation to work (journey-to-work),"https://api.censusreporter.org/1.0/data/show/latest?table_ids=B08301&geo_ids=040%7C01000US,01000US",https://data.census.gov/table/ACSDT1Y2024.B08301,U.S. Census Bureau (federal statistical agency),RETRIEVED,high,Pulled via Census Reporter API wrapping ACS 2024 1-year release (release id acs2024_1yr). Direct api.census.gov calls required a key; counts match ACS table B08301.
04000US27,Minnesota,state,3009002,443318,14.733057671613379,13858.0,10685.0,15,U.S. Census Bureau,American Community Survey (ACS) 1-Year Estimates Detailed Tables,B08301 Means of Transportation to Work,2024,B08301_021E Worked from home / B08301_001E Total; universe = Workers 16 years and over; usually worked from home as means of transportation to work (journey-to-work),"https://api.censusreporter.org/1.0/data/show/latest?table_ids=B08301&geo_ids=040%7C01000US,01000US",https://data.census.gov/table/ACSDT1Y2024.B08301,U.S. Census Bureau (federal statistical agency),RETRIEVED,high,Pulled via Census Reporter API wrapping ACS 2024 1-year release (release id acs2024_1yr). Direct api.census.gov calls required a key; counts match ACS table B08301.
04000US23,Maine,state,702479,103070,14.672324724297809,8737.0,5172.0,16,U.S. Census Bureau,American Community Survey (ACS) 1-Year Estimates Detailed Tables,B08301 Means of Transportation to Work,2024,B08301_021E Worked from home / B08301_001E Total; universe = Workers 16 years and over; usually worked from home as means of transportation to work (journey-to-work),"https://api.censusreporter.org/1.0/data/show/latest?table_ids=B08301&geo_ids=040%7C01000US,01000US",https://data.census.gov/table/ACSDT1Y2024.B08301,U.S. Census Bureau (federal statistical agency),RETRIEVED,high,Pulled via Census Reporter API wrapping ACS 2024 1-year release (release id acs2024_1yr). Direct api.census.gov calls required a key; counts match ACS table B08301.
04000US06,California,state,18893770,2672106,14.14278886638294,51342.0,31094.0,17,U.S. Census Bureau,American Community Survey (ACS) 1-Year Estimates Detailed Tables,B08301 Means of Transportation to Work,2024,B08301_021E Worked from home / B08301_001E Total; universe = Workers 16 years and over; usually worked from home as means of transportation to work (journey-to-work),"https://api.censusreporter.org/1.0/data/show/latest?table_ids=B08301&geo_ids=040%7C01000US,01000US",https://data.census.gov/table/ACSDT1Y2024.B08301,U.S. Census Bureau (federal statistical agency),RETRIEVED,high,Pulled via Census Reporter API wrapping ACS 2024 1-year release (release id acs2024_1yr). Direct api.census.gov calls required a key; counts match ACS table B08301.
04000US42,Pennsylvania,state,6390587,883654,13.827430876068192,28986.0,19200.0,18,U.S. Census Bureau,American Community Survey (ACS) 1-Year Estimates Detailed Tables,B08301 Means of Transportation to Work,2024,B08301_021E Worked from home / B08301_001E Total; universe = Workers 16 years and over; usually worked from home as means of transportation to work (journey-to-work),"https://api.censusreporter.org/1.0/data/show/latest?table_ids=B08301&geo_ids=040%7C01000US,01000US",https://data.census.gov/table/ACSDT1Y2024.B08301,U.S. Census Bureau (federal statistical agency),RETRIEVED,high,Pulled via Census Reporter API wrapping ACS 2024 1-year release (release id acs2024_1yr). Direct api.census.gov calls required a key; counts match ACS table B08301.
04000US17,Illinois,state,6314165,857301,13.577424726784935,26069.0,19543.0,19,U.S. Census Bureau,American Community Survey (ACS) 1-Year Estimates Detailed Tables,B08301 Means of Transportation to Work,2024,B08301_021E Worked from home / B08301_001E Total; universe = Workers 16 years and over; usually worked from home as means of transportation to work (journey-to-work),"https://api.censusreporter.org/1.0/data/show/latest?table_ids=B08301&geo_ids=040%7C01000US,01000US",https://data.census.gov/table/ACSDT1Y2024.B08301,U.S. Census Bureau (federal statistical agency),RETRIEVED,high,Pulled via Census Reporter API wrapping ACS 2024 1-year release (release id acs2024_1yr). Direct api.census.gov calls required a key; counts match ACS table B08301.
04000US34,New Jersey,state,4772330,644549,13.505960400894322,20417.0,14745.0,20,U.S. Census Bureau,American Community Survey (ACS) 1-Year Estimates Detailed Tables,B08301 Means of Transportation to Work,2024,B08301_021E Worked from home / B08301_001E Total; universe = Workers 16 years and over; usually worked from home as means of transportation to work (journey-to-work),"https://api.censusreporter.org/1.0/data/show/latest?table_ids=B08301&geo_ids=040%7C01000US,01000US",https://data.census.gov/table/ACSDT1Y2024.B08301,U.S. Census Bureau (federal statistical agency),RETRIEVED,high,Pulled via Census Reporter API wrapping ACS 2024 1-year release (release id acs2024_1yr). Direct api.census.gov calls required a key; counts match ACS table B08301.
04000US09,Connecticut,state,1874388,250606,13.370017306982332,14076.0,9911.0,21,U.S. Census Bureau,American Community Survey (ACS) 1-Year Estimates Detailed Tables,B08301 Means of Transportation to Work,2024,B08301_021E Worked from home / B08301_001E Total; universe = Workers 16 years and over; usually worked from home as means of transportation to work (journey-to-work),"https://api.censusreporter.org/1.0/data/show/latest?table_ids=B08301&geo_ids=040%7C01000US,01000US",https://data.census.gov/table/ACSDT1Y2024.B08301,U.S. Census Bureau (federal statistical agency),RETRIEVED,high,Pulled via Census Reporter API wrapping ACS 2024 1-year release (release id acs2024_1yr). Direct api.census.gov calls required a key; counts match ACS table B08301.
04000US48,Texas,state,15130603,1956349,12.929749065519728,46400.0,30576.0,22,U.S. Census Bureau,American Community Survey (ACS) 1-Year Estimates Detailed Tables,B08301 Means of Transportation to Work,2024,B08301_021E Worked from home / B08301_001E Total; universe = Workers 16 years and over; usually worked from home as means of transportation to work (journey-to-work),"https://api.censusreporter.org/1.0/data/show/latest?table_ids=B08301&geo_ids=040%7C01000US,01000US",https://data.census.gov/table/ACSDT1Y2024.B08301,U.S. Census Bureau (federal statistical agency),RETRIEVED,high,Pulled via Census Reporter API wrapping ACS 2024 1-year release (release id acs2024_1yr). Direct api.census.gov calls required a key; counts match ACS table B08301.
04000US10,Delaware,state,500340,64492,12.889635048167246,8002.0,4548.0,23,U.S. Census Bureau,American Community Survey (ACS) 1-Year Estimates Detailed Tables,B08301 Means of Transportation to Work,2024,B08301_021E Worked from home / B08301_001E Total; universe = Workers 16 years and over; usually worked from home as means of transportation to work (journey-to-work),"https://api.censusreporter.org/1.0/data/show/latest?table_ids=B08301&geo_ids=040%7C01000US,01000US",https://data.census.gov/table/ACSDT1Y2024.B08301,U.S. Census Bureau (federal statistical agency),RETRIEVED,high,Pulled via Census Reporter API wrapping ACS 2024 1-year release (release id acs2024_1yr). Direct api.census.gov calls required a key; counts match ACS table B08301.
04000US16,Idaho,state,952044,120976,12.706975728012571,9303.0,5757.0,24,U.S. Census Bureau,American Community Survey (ACS) 1-Year Estimates Detailed Tables,B08301 Means of Transportation to Work,2024,B08301_021E Worked from home / B08301_001E Total; universe = Workers 16 years and over; usually worked from home as means of transportation to work (journey-to-work),"https://api.censusreporter.org/1.0/data/show/latest?table_ids=B08301&geo_ids=040%7C01000US,01000US",https://data.census.gov/table/ACSDT1Y2024.B08301,U.S. Census Bureau (federal statistical agency),RETRIEVED,high,Pulled via Census Reporter API wrapping ACS 2024 1-year release (release id acs2024_1yr). Direct api.census.gov calls required a key; counts match ACS table B08301.
04000US47,Tennessee,state,3479795,441140,12.67718356972178,17709.0,13045.0,25,U.S. Census Bureau,American Community Survey (ACS) 1-Year Estimates Detailed Tables,B08301 Means of Transportation to Work,2024,B08301_021E Worked from home / B08301_001E Total; universe = Workers 16 years and over; usually worked from home as means of transportation to work (journey-to-work),"https://api.censusreporter.org/1.0/data/show/latest?table_ids=B08301&geo_ids=040%7C01000US,01000US",https://data.census.gov/table/ACSDT1Y2024.B08301,U.S. Census Bureau (federal statistical agency),RETRIEVED,high,Pulled via Census Reporter API wrapping ACS 2024 1-year release (release id acs2024_1yr). Direct api.census.gov calls required a key; counts match ACS table B08301.
04000US45,South Carolina,state,2571377,316801,12.320285979068803,18351.0,10876.0,26,U.S. Census Bureau,American Community Survey (ACS) 1-Year Estimates Detailed Tables,B08301 Means of Transportation to Work,2024,B08301_021E Worked from home / B08301_001E Total; universe = Workers 16 years and over; usually worked from home as means of transportation to work (journey-to-work),"https://api.censusreporter.org/1.0/data/show/latest?table_ids=B08301&geo_ids=040%7C01000US,01000US",https://data.census.gov/table/ACSDT1Y2024.B08301,U.S. Census Bureau (federal statistical agency),RETRIEVED,high,Pulled via Census Reporter API wrapping ACS 2024 1-year release (release id acs2024_1yr). Direct api.census.gov calls required a key; counts match ACS table B08301.
04000US39,Ohio,state,5765669,687025,11.915789824216409,27229.0,15094.0,27,U.S. Census Bureau,American Community Survey (ACS) 1-Year Estimates Detailed Tables,B08301 Means of Transportation to Work,2024,B08301_021E Worked from home / B08301_001E Total; universe = Workers 16 years and over; usually worked from home as means of transportation to work (journey-to-work),"https://api.censusreporter.org/1.0/data/show/latest?table_ids=B08301&geo_ids=040%7C01000US,01000US",https://data.census.gov/table/ACSDT1Y2024.B08301,U.S. Census Bureau (federal statistical agency),RETRIEVED,high,Pulled via Census Reporter API wrapping ACS 2024 1-year release (release id acs2024_1yr). Direct api.census.gov calls required a key; counts match ACS table B08301.
04000US55,Wisconsin,state,3050562,360127,11.80526735729351,15291.0,9816.0,28,U.S. Census Bureau,American Community Survey (ACS) 1-Year Estimates Detailed Tables,B08301 Means of Transportation to Work,2024,B08301_021E Worked from home / B08301_001E Total; universe = Workers 16 years and over; usually worked from home as means of transportation to work (journey-to-work),"https://api.censusreporter.org/1.0/data/show/latest?table_ids=B08301&geo_ids=040%7C01000US,01000US",https://data.census.gov/table/ACSDT1Y2024.B08301,U.S. Census Bureau (federal statistical agency),RETRIEVED,high,Pulled via Census Reporter API wrapping ACS 2024 1-year release (release id acs2024_1yr). Direct api.census.gov calls required a key; counts match ACS table B08301.
04000US29,Missouri,state,3054047,360070,11.789929886475225,18224.0,12044.0,29,U.S. Census Bureau,American Community Survey (ACS) 1-Year Estimates Detailed Tables,B08301 Means of Transportation to Work,2024,B08301_021E Worked from home / B08301_001E Total; universe = Workers 16 years and over; usually worked from home as means of transportation to work (journey-to-work),"https://api.censusreporter.org/1.0/data/show/latest?table_ids=B08301&geo_ids=040%7C01000US,01000US",https://data.census.gov/table/ACSDT1Y2024.B08301,U.S. Census Bureau (federal statistical agency),RETRIEVED,high,Pulled via Census Reporter API wrapping ACS 2024 1-year release (release id acs2024_1yr). Direct api.census.gov calls required a key; counts match ACS table B08301.
04000US36,New York,state,9557920,1124869,11.768972747208597,30811.0,17624.0,30,U.S. Census Bureau,American Community Survey (ACS) 1-Year Estimates Detailed Tables,B08301 Means of Transportation to Work,2024,B08301_021E Worked from home / B08301_001E Total; universe = Workers 16 years and over; usually worked from home as means of transportation to work (journey-to-work),"https://api.censusreporter.org/1.0/data/show/latest?table_ids=B08301&geo_ids=040%7C01000US,01000US",https://data.census.gov/table/ACSDT1Y2024.B08301,U.S. Census Bureau (federal statistical agency),RETRIEVED,high,Pulled via Census Reporter API wrapping ACS 2024 1-year release (release id acs2024_1yr). Direct api.census.gov calls required a key; counts match ACS table B08301.
04000US30,Montana,state,565069,66029,11.685121640012104,6444.0,3961.0,31,U.S. Census Bureau,American Community Survey (ACS) 1-Year Estimates Detailed Tables,B08301 Means of Transportation to Work,2024,B08301_021E Worked from home / B08301_001E Total; universe = Workers 16 years and over; usually worked from home as means of transportation to work (journey-to-work),"https://api.censusreporter.org/1.0/data/show/latest?table_ids=B08301&geo_ids=040%7C01000US,01000US",https://data.census.gov/table/ACSDT1Y2024.B08301,U.S. Census Bureau (federal statistical agency),RETRIEVED,high,Pulled via Census Reporter API wrapping ACS 2024 1-year release (release id acs2024_1yr). Direct api.census.gov calls required a key; counts match ACS table B08301.
04000US44,Rhode Island,state,565855,65520,11.578938067172686,9341.0,5151.0,32,U.S. Census Bureau,American Community Survey (ACS) 1-Year Estimates Detailed Tables,B08301 Means of Transportation to Work,2024,B08301_021E Worked from home / B08301_001E Total; universe = Workers 16 years and over; usually worked from home as means of transportation to work (journey-to-work),"https://api.censusreporter.org/1.0/data/show/latest?table_ids=B08301&geo_ids=040%7C01000US,01000US",https://data.census.gov/table/ACSDT1Y2024.B08301,U.S. Census Bureau (federal statistical agency),RETRIEVED,high,Pulled via Census Reporter API wrapping ACS 2024 1-year release (release id acs2024_1yr). Direct api.census.gov calls required a key; counts match ACS table B08301.
04000US32,Nevada,state,1581033,179164,11.33208478254407,13524.0,9369.0,33,U.S. Census Bureau,American Community Survey (ACS) 1-Year Estimates Detailed Tables,B08301 Means of Transportation to Work,2024,B08301_021E Worked from home / B08301_001E Total; universe = Workers 16 years and over; usually worked from home as means of transportation to work (journey-to-work),"https://api.censusreporter.org/1.0/data/show/latest?table_ids=B08301&geo_ids=040%7C01000US,01000US",https://data.census.gov/table/ACSDT1Y2024.B08301,U.S. Census Bureau (federal statistical agency),RETRIEVED,high,Pulled via Census Reporter API wrapping ACS 2024 1-year release (release id acs2024_1yr). Direct api.census.gov calls required a key; counts match ACS table B08301.
04000US26,Michigan,state,4800270,539125,11.231139081759984,20583.0,11951.0,34,U.S. Census Bureau,American Community Survey (ACS) 1-Year Estimates Detailed Tables,B08301 Means of Transportation to Work,2024,B08301_021E Worked from home / B08301_001E Total; universe = Workers 16 years and over; usually worked from home as means of transportation to work (journey-to-work),"https://api.censusreporter.org/1.0/data/show/latest?table_ids=B08301&geo_ids=040%7C01000US,01000US",https://data.census.gov/table/ACSDT1Y2024.B08301,U.S. Census Bureau (federal statistical agency),RETRIEVED,high,Pulled via Census Reporter API wrapping ACS 2024 1-year release (release id acs2024_1yr). Direct api.census.gov calls required a key; counts match ACS table B08301.
04000US20,Kansas,state,1494667,153539,10.272455336205322,11942.0,7062.0,35,U.S. Census Bureau,American Community Survey (ACS) 1-Year Estimates Detailed Tables,B08301 Means of Transportation to Work,2024,B08301_021E Worked from home / B08301_001E Total; universe = Workers 16 years and over; usually worked from home as means of transportation to work (journey-to-work),"https://api.censusreporter.org/1.0/data/show/latest?table_ids=B08301&geo_ids=040%7C01000US,01000US",https://data.census.gov/table/ACSDT1Y2024.B08301,U.S. Census Bureau (federal statistical agency),RETRIEVED,high,Pulled via Census Reporter API wrapping ACS 2024 1-year release (release id acs2024_1yr). Direct api.census.gov calls required a key; counts match ACS table B08301.
04000US35,New Mexico,state,954026,97946,10.266596507851988,12523.0,6225.0,36,U.S. Census Bureau,American Community Survey (ACS) 1-Year Estimates Detailed Tables,B08301 Means of Transportation to Work,2024,B08301_021E Worked from home / B08301_001E Total; universe = Workers 16 years and over; usually worked from home as means of transportation to work (journey-to-work),"https://api.censusreporter.org/1.0/data/show/latest?table_ids=B08301&geo_ids=040%7C01000US,01000US",https://data.census.gov/table/ACSDT1Y2024.B08301,U.S. Census Bureau (federal statistical agency),RETRIEVED,high,Pulled via Census Reporter API wrapping ACS 2024 1-year release (release id acs2024_1yr). Direct api.census.gov calls required a key; counts match ACS table B08301.
04000US19,Iowa,state,1649748,162777,9.866779653619826,10112.0,7072.0,37,U.S. Census Bureau,American Community Survey (ACS) 1-Year Estimates Detailed Tables,B08301 Means of Transportation to Work,2024,B08301_021E Worked from home / B08301_001E Total; universe = Workers 16 years and over; usually worked from home as means of transportation to work (journey-to-work),"https://api.censusreporter.org/1.0/data/show/latest?table_ids=B08301&geo_ids=040%7C01000US,01000US",https://data.census.gov/table/ACSDT1Y2024.B08301,U.S. Census Bureau (federal statistical agency),RETRIEVED,high,Pulled via Census Reporter API wrapping ACS 2024 1-year release (release id acs2024_1yr). Direct api.census.gov calls required a key; counts match ACS table B08301.
04000US31,Nebraska,state,1036126,100914,9.739549050984147,8547.0,5412.0,38,U.S. Census Bureau,American Community Survey (ACS) 1-Year Estimates Detailed Tables,B08301 Means of Transportation to Work,2024,B08301_021E Worked from home / B08301_001E Total; universe = Workers 16 years and over; usually worked from home as means of transportation to work (journey-to-work),"https://api.censusreporter.org/1.0/data/show/latest?table_ids=B08301&geo_ids=040%7C01000US,01000US",https://data.census.gov/table/ACSDT1Y2024.B08301,U.S. Census Bureau (federal statistical agency),RETRIEVED,high,Pulled via Census Reporter API wrapping ACS 2024 1-year release (release id acs2024_1yr). Direct api.census.gov calls required a key; counts match ACS table B08301.
04000US56,Wyoming,state,294920,28679,9.72433202224332,5684.0,3228.0,39,U.S. Census Bureau,American Community Survey (ACS) 1-Year Estimates Detailed Tables,B08301 Means of Transportation to Work,2024,B08301_021E Worked from home / B08301_001E Total; universe = Workers 16 years and over; usually worked from home as means of transportation to work (journey-to-work),"https://api.censusreporter.org/1.0/data/show/latest?table_ids=B08301&geo_ids=040%7C01000US,01000US",https://data.census.gov/table/ACSDT1Y2024.B08301,U.S. Census Bureau (federal statistical agency),RETRIEVED,high,Pulled via Census Reporter API wrapping ACS 2024 1-year release (release id acs2024_1yr). Direct api.census.gov calls required a key; counts match ACS table B08301.
04000US18,Indiana,state,3355446,323341,9.636304682000544,17985.0,12010.0,40,U.S. Census Bureau,American Community Survey (ACS) 1-Year Estimates Detailed Tables,B08301 Means of Transportation to Work,2024,B08301_021E Worked from home / B08301_001E Total; universe = Workers 16 years and over; usually worked from home as means of transportation to work (journey-to-work),"https://api.censusreporter.org/1.0/data/show/latest?table_ids=B08301&geo_ids=040%7C01000US,01000US",https://data.census.gov/table/ACSDT1Y2024.B08301,U.S. Census Bureau (federal statistical agency),RETRIEVED,high,Pulled via Census Reporter API wrapping ACS 2024 1-year release (release id acs2024_1yr). Direct api.census.gov calls required a key; counts match ACS table B08301.
04000US21,Kentucky,state,2078668,197124,9.483188272489883,16288.0,7366.0,41,U.S. Census Bureau,American Community Survey (ACS) 1-Year Estimates Detailed Tables,B08301 Means of Transportation to Work,2024,B08301_021E Worked from home / B08301_001E Total; universe = Workers 16 years and over; usually worked from home as means of transportation to work (journey-to-work),"https://api.censusreporter.org/1.0/data/show/latest?table_ids=B08301&geo_ids=040%7C01000US,01000US",https://data.census.gov/table/ACSDT1Y2024.B08301,U.S. Census Bureau (federal statistical agency),RETRIEVED,high,Pulled via Census Reporter API wrapping ACS 2024 1-year release (release id acs2024_1yr). Direct api.census.gov calls required a key; counts match ACS table B08301.
04000US40,Oklahoma,state,1876156,167486,8.927082822537145,12572.0,6231.0,42,U.S. Census Bureau,American Community Survey (ACS) 1-Year Estimates Detailed Tables,B08301 Means of Transportation to Work,2024,B08301_021E Worked from home / B08301_001E Total; universe = Workers 16 years and over; usually worked from home as means of transportation to work (journey-to-work),"https://api.censusreporter.org/1.0/data/show/latest?table_ids=B08301&geo_ids=040%7C01000US,01000US",https://data.census.gov/table/ACSDT1Y2024.B08301,U.S. Census Bureau (federal statistical agency),RETRIEVED,high,Pulled via Census Reporter API wrapping ACS 2024 1-year release (release id acs2024_1yr). Direct api.census.gov calls required a key; counts match ACS table B08301.
04000US15,Hawaii,state,716578,63594,8.874679378937115,7533.0,4958.0,43,U.S. Census Bureau,American Community Survey (ACS) 1-Year Estimates Detailed Tables,B08301 Means of Transportation to Work,2024,B08301_021E Worked from home / B08301_001E Total; universe = Workers 16 years and over; usually worked from home as means of transportation to work (journey-to-work),"https://api.censusreporter.org/1.0/data/show/latest?table_ids=B08301&geo_ids=040%7C01000US,01000US",https://data.census.gov/table/ACSDT1Y2024.B08301,U.S. Census Bureau (federal statistical agency),RETRIEVED,high,Pulled via Census Reporter API wrapping ACS 2024 1-year release (release id acs2024_1yr). Direct api.census.gov calls required a key; counts match ACS table B08301.
04000US54,West Virginia,state,759466,66915,8.810796006667843,9662.0,4772.0,44,U.S. Census Bureau,American Community Survey (ACS) 1-Year Estimates Detailed Tables,B08301 Means of Transportation to Work,2024,B08301_021E Worked from home / B08301_001E Total; universe = Workers 16 years and over; usually worked from home as means of transportation to work (journey-to-work),"https://api.censusreporter.org/1.0/data/show/latest?table_ids=B08301&geo_ids=040%7C01000US,01000US",https://data.census.gov/table/ACSDT1Y2024.B08301,U.S. Census Bureau (federal statistical agency),RETRIEVED,high,Pulled via Census Reporter API wrapping ACS 2024 1-year release (release id acs2024_1yr). Direct api.census.gov calls required a key; counts match ACS table B08301.
04000US05,Arkansas,state,1386650,119058,8.586016658854073,13556.0,6430.0,45,U.S. Census Bureau,American Community Survey (ACS) 1-Year Estimates Detailed Tables,B08301 Means of Transportation to Work,2024,B08301_021E Worked from home / B08301_001E Total; universe = Workers 16 years and over; usually worked from home as means of transportation to work (journey-to-work),"https://api.censusreporter.org/1.0/data/show/latest?table_ids=B08301&geo_ids=040%7C01000US,01000US",https://data.census.gov/table/ACSDT1Y2024.B08301,U.S. Census Bureau (federal statistical agency),RETRIEVED,high,Pulled via Census Reporter API wrapping ACS 2024 1-year release (release id acs2024_1yr). Direct api.census.gov calls required a key; counts match ACS table B08301.
04000US02,Alaska,state,361983,30477,8.419456162305964,6017.0,3021.0,46,U.S. Census Bureau,American Community Survey (ACS) 1-Year Estimates Detailed Tables,B08301 Means of Transportation to Work,2024,B08301_021E Worked from home / B08301_001E Total; universe = Workers 16 years and over; usually worked from home as means of transportation to work (journey-to-work),"https://api.censusreporter.org/1.0/data/show/latest?table_ids=B08301&geo_ids=040%7C01000US,01000US",https://data.census.gov/table/ACSDT1Y2024.B08301,U.S. Census Bureau (federal statistical agency),RETRIEVED,high,Pulled via Census Reporter API wrapping ACS 2024 1-year release (release id acs2024_1yr). Direct api.census.gov calls required a key; counts match ACS table B08301.
04000US01,Alabama,state,2323881,193754,8.33751814314072,16968.0,8157.0,47,U.S. Census Bureau,American Community Survey (ACS) 1-Year Estimates Detailed Tables,B08301 Means of Transportation to Work,2024,B08301_021E Worked from home / B08301_001E Total; universe = Workers 16 years and over; usually worked from home as means of transportation to work (journey-to-work),"https://api.censusreporter.org/1.0/data/show/latest?table_ids=B08301&geo_ids=040%7C01000US,01000US",https://data.census.gov/table/ACSDT1Y2024.B08301,U.S. Census Bureau (federal statistical agency),RETRIEVED,high,Pulled via Census Reporter API wrapping ACS 2024 1-year release (release id acs2024_1yr). Direct api.census.gov calls required a key; counts match ACS table B08301.
04000US46,South Dakota,state,475913,38257,8.038654123757913,6390.0,3157.0,48,U.S. Census Bureau,American Community Survey (ACS) 1-Year Estimates Detailed Tables,B08301 Means of Transportation to Work,2024,B08301_021E Worked from home / B08301_001E Total; universe = Workers 16 years and over; usually worked from home as means of transportation to work (journey-to-work),"https://api.censusreporter.org/1.0/data/show/latest?table_ids=B08301&geo_ids=040%7C01000US,01000US",https://data.census.gov/table/ACSDT1Y2024.B08301,U.S. Census Bureau (federal statistical agency),RETRIEVED,high,Pulled via Census Reporter API wrapping ACS 2024 1-year release (release id acs2024_1yr). Direct api.census.gov calls required a key; counts match ACS table B08301.
04000US22,Louisiana,state,2043342,163353,7.994403286380841,18029.0,7126.0,49,U.S. Census Bureau,American Community Survey (ACS) 1-Year Estimates Detailed Tables,B08301 Means of Transportation to Work,2024,B08301_021E Worked from home / B08301_001E Total; universe = Workers 16 years and over; usually worked from home as means of transportation to work (journey-to-work),"https://api.censusreporter.org/1.0/data/show/latest?table_ids=B08301&geo_ids=040%7C01000US,01000US",https://data.census.gov/table/ACSDT1Y2024.B08301,U.S. Census Bureau (federal statistical agency),RETRIEVED,high,Pulled via Census Reporter API wrapping ACS 2024 1-year release (release id acs2024_1yr). Direct api.census.gov calls required a key; counts match ACS table B08301.
04000US38,North Dakota,state,422457,29953,7.090189060661795,6513.0,3055.0,50,U.S. Census Bureau,American Community Survey (ACS) 1-Year Estimates Detailed Tables,B08301 Means of Transportation to Work,2024,B08301_021E Worked from home / B08301_001E Total; universe = Workers 16 years and over; usually worked from home as means of transportation to work (journey-to-work),"https://api.censusreporter.org/1.0/data/show/latest?table_ids=B08301&geo_ids=040%7C01000US,01000US",https://data.census.gov/table/ACSDT1Y2024.B08301,U.S. Census Bureau (federal statistical agency),RETRIEVED,high,Pulled via Census Reporter API wrapping ACS 2024 1-year release (release id acs2024_1yr). Direct api.census.gov calls required a key; counts match ACS table B08301.
04000US28,Mississippi,state,1302251,81270,6.240732393371171,14143.0,5261.0,51,U.S. Census Bureau,American Community Survey (ACS) 1-Year Estimates Detailed Tables,B08301 Means of Transportation to Work,2024,B08301_021E Worked from home / B08301_001E Total; universe = Workers 16 years and over; usually worked from home as means of transportation to work (journey-to-work),"https://api.censusreporter.org/1.0/data/show/latest?table_ids=B08301&geo_ids=040%7C01000US,01000US",https://data.census.gov/table/ACSDT1Y2024.B08301,U.S. Census Bureau (federal statistical agency),RETRIEVED,high,Pulled via Census Reporter API wrapping ACS 2024 1-year release (release id acs2024_1yr). Direct api.census.gov calls required a key; counts match ACS table B08301.
