line_id,description,value,unit,origin,funded_by,url,notes
S1,M2 specified numerator,"covered lives at top N broker firms (N e.g. 5 or 10, not locked)",lives,DEFINITION,n/a — metric register,"Decisions/EH&B/Brokerage Metrics.xlsx (Core metrics, M2)",Same definition on chtr-ehb-broker-channel-core-metrics.canvas.tsx
S2,M2 specified denominator,total broker-placed covered lives in the same geography as M1,lives,DEFINITION,n/a — metric register,"Decisions/EH&B/Brokerage Metrics.xlsx (Core metrics, M2)","Geography is Spectrum-state book in M1, not independently specified as US"
X1,Share of broker-placed EH&B covered lives at largest N brokers,,percent of lives,NOT RETRIEVED,n/a,,Refused to invent. 10-Ks do not disclose US EH&B covered lives or lives share.
A1,BI Top 5 2024 U.S. brokerage revenue,37289055284,USD,RETRIEVED,Business Insurance / Crain Communications (trade press; brokers self-report),https://communityprod.blob.core.windows.net/public/top_100_2025_bi.pdf,"Marsh, Aon, Gallagher, WTW, Alliant. Revenue, not lives. P&C + benefits."
A2,BI Top 10 2024 U.S. brokerage revenue,53611551395,USD,RETRIEVED,Business Insurance / Crain Communications (trade press; brokers self-report),https://communityprod.blob.core.windows.net/public/top_100_2025_bi.pdf,"Adds Brown & Brown, Hub, Lockton, AssuredPartners, USI."
A3,BI Top 100 2024 U.S. brokerage revenue (sum of published table),79801766514,USD,RETRIEVED,Business Insurance / Crain Communications (trade press; brokers self-report),https://communityprod.blob.core.windows.net/public/top_100_2025_bi.pdf,Excludes firms with >49% personal-lines gross revenue. Not the entire US brokerage market.
A4,Top 5 / Top 100 U.S. brokerage revenue,46.73,percent of Top 100 revenue,DERIVED,same as A1–A3,https://communityprod.blob.core.windows.net/public/top_100_2025_bi.pdf,A4 = A1 / A3. Not share of all US brokerage; remainder below #100 unknown.
A5,Top 10 / Top 100 U.S. brokerage revenue,67.18,percent of Top 100 revenue,DERIVED,same as A1–A3,https://communityprod.blob.core.windows.net/public/top_100_2025_bi.pdf,A5 = A2 / A3 = 67.18%. Headline rounded to 67%.
A6,Marsh+Aon+Gallagher+WTW+Lockton / Top 100 (NFP inside Aon pro forma),44.10,percent of Top 100 revenue,DERIVED,same as A1–A3,https://communityprod.blob.core.windows.net/public/top_100_2025_bi.pdf,Named firms from the M2 pull list. NFP not separately ranked.
A7,"MarshBerry citing BI: Top 10 share of Top 100, 2025 U.S. revenue vintage",70,percent of Top 100 revenue,RETRIEVED,MarshBerry (broker M&A advisory thought leadership) citing Business Insurance,https://www.marshberry.com/resource/the-next-era-of-insurance-brokerage-the-top-100-defined-by-growth-consolidation-and-ai/,They state Top 100 $83.3B and Top 10 $58.5B. Different year than A1–A6. Do not mix.
B1,PlanOptica top 5 published compensation shares (sum),28.1,percent of PlanOptica H&W compensation universe,DERIVED,Underlying: plan sponsors filing Form 5500 with DOL/EBSA. Indexer: PlanOptica (for-profit).,https://planoptica.com/welfare/broker,"MMA 7.1 + Gallagher 5.9 + Lockton 5.8 + Mercer 5.0 + USI 4.3. Compensation, not lives."
B2,PlanOptica top 10 published compensation shares (sum),44.0,percent of PlanOptica H&W compensation universe,DERIVED,Underlying: plan sponsors filing Form 5500 with DOL/EBSA. Indexer: PlanOptica (for-profit).,https://planoptica.com/welfare/broker,Headline EH&B proxy. Adds WTW US 4.3 + Hub Midwest 4.1 + Aon Consulting 2.8 + Alliant 2.5 + B&B 2.2.
B3,PlanOptica remainder after top 10,56.0,percent of PlanOptica H&W compensation universe,DERIVED,same as B1,https://planoptica.com/welfare/broker,"B3 = 100 − B2. Table shows 43,129 broker names. Long tail, not a handful of doors."
B4,MMA + Mercer published shares (Marsh parent roll-up),12.1,percent of PlanOptica H&W compensation universe,DERIVED,same as B1,https://planoptica.com/welfare/broker,"PlanOptica lists MMA and Mercer separately. Parent roll-up is arithmetic, not a restated ranking."
B5,Named list Marsh+Gallagher+Lockton+WTW+Aon+NFP on PlanOptica shares,32.5,percent of PlanOptica H&W compensation universe,DERIVED,same as B1,https://planoptica.com/welfare/broker,"Uses B4 plus Gallagher 5.9, Lockton 5.8, WTW US 4.3, Aon Consulting 2.8, NFP 1.6. Entity splits understate parents."
C1,Marsh McLennan 2024 GAAP revenue,24458000000,USD,RETRIEVED,Marsh McLennan (issuer 10-K / annual report),https://www.corporate.marsh.com/web-assets/files-for-download/investors/2025/pdf-2024-marsh-mclennan-investors-annual-report.pdf,Global. No US EH&B covered-lives figure.
C2,Mercer share of MMC 2024 revenue (approx.),23,percent of MMC revenue,RETRIEVED,Marsh McLennan (issuer),https://www.corporate.marsh.com/web-assets/files-for-download/investors/2025/pdf-2024-marsh-mclennan-investors-annual-report.pdf,Mercer includes Health + Wealth + Career. Health not broken out. Not lives.
C3,Aon Health Solutions 2024 revenue,3335000000,USD,RETRIEVED,Aon plc (issuer earnings release / 10-K),https://aon.mediaroom.com/2025-01-31-Aon-Reports-Fourth-Quarter-and-Full-Year-2024-Results,"Global. Includes consulting, brokerage, consumer benefits, talent, and NFP. Not US lives."
C4,"WTW Health, Wealth & Career share of 2024 revenue",59,percent of WTW revenue,RETRIEVED,Willis Towers Watson (issuer 10-K),https://www.sec.gov/Archives/edgar/data/1140536/000095017025026278/wtw-20241231.htm,Health & Benefits described; no Health-only revenue and no covered lives.
C5,"Gallagher U.S. share of brokerage + risk-management revenue, 2024",64,percent of AJG brokerage+RM revenue,RETRIEVED,Arthur J. Gallagher & Co. (issuer 10-K),https://www.sec.gov/Archives/edgar/data/354190/000095017025021775/,"Geographic mix, not EH&B share and not lives. No benefits-line revenue breakout."
D1,"U.S. small-group broker fees PMPM, 2024",29.79,USD per member per month,RETRIEVED,"KFF (nonprofit philanthropy, not Kaiser Permanente) analysis of Mark Farrah Associates Health Coverage Portal (commercial MLR database)",https://www.kff.org/health-costs/state-indicator/health-insurance-broker-compensation/,Insurer-reported agent/broker fees + direct-sales costs ÷ member months. Not firm market share.
D2,"U.S. large-group broker fees PMPM, 2024",10.00,USD per member per month,RETRIEVED,same as D1,https://www.kff.org/health-costs/state-indicator/health-insurance-broker-compensation/,Large-group PMPM is about one-third of small-group. Compensation rankings understate jumbo-account lives.
X2,Brokers below BI Top 100 + personal-lines-majority firms,,USD / lives,NOT RETRIEVED,n/a,https://communityprod.blob.core.windows.net/public/top_100_2025_bi.pdf,"A4–A6 denominators are Top 100, not the market. Unknown remainder."
X3,Spectrum-state cut of any concentration figure,,percent,NOT RETRIEVED,n/a,,M2 geography is 'same as M1'. Public rankings are US. No conversion invented.
X4,Welfare plans / small employers that do not file Form 5500 Schedule A as used here,,lives / compensation,NOT RETRIEVED,n/a,https://planoptica.com/freeerisa,ERISA welfare filings miss a large small-employer slice; jumbo consulting fees paid off Schedule A also miss.
